meta_addr,name,size,crtime,parent_path
303,08df0d2dff81c1bc6770a1a1a68a13[1].png,5,1432644355,/USERS/Jimmy Wilson/AppData/Local/Microsoft/Windows/Temporary Internet Files/Low/Content.IE5/0YNVG0PM/
303,08df0d2dff81c1bc6770a1a1a68a13[1].png-slack,5,1432644355,/USERS/Jimmy Wilson/AppData/Local/Microsoft/Windows/Temporary Internet Files/Low/Content.IE5/0YNVG0PM/
658,1373889353714[1].png,5,1432644356,/USERS/Jimmy Wilson/AppData/Local/Microsoft/Windows/Temporary Internet Files/Low/Content.IE5/0YNVG0PM/
658,1373889353714[1].png-slack,5,1432644356,/USERS/Jimmy Wilson/AppData/Local/Microsoft/Windows/Temporary Internet Files/Low/Content.IE5/0YNVG0PM/
261,40389557511343f360c93fe994d3aa[1].png,5,1432644355,/USERS/Jimmy Wilson/AppData/Local/Microsoft/Windows/Temporary Internet Files/Low/Content.IE5/0YNVG0PM/
261,40389557511343f360c93fe994d3aa[1].png-slack,5,1432644355,/USERS/Jimmy Wilson/AppData/Local/Microsoft/Windows/Temporary Internet Files/Low/Content.IE5/0YNVG0PM/
1407,4WSewcWboV8[1].png,5,1432644360,/USERS/Jimmy Wilson/AppData/Local/Microsoft/Windows/Temporary Internet Files/Low/Content.IE5/0YNVG0PM/
1533,gawker-touch-icon-d0e816e6184576368974b073e1ea5a3e[1].png,5,1432644360,/USERS/Jimmy Wilson/AppData/Local/Microsoft/Windows/Temporary Internet Files/Low/Content.IE5/0YNVG0PM/
1533,gawker-touch-icon-d0e816e6184576368974b073e1ea5a3e[1].png-slack,5,1432644360,/USERS/Jimmy Wilson/AppData/Local/Microsoft/Windows/Temporary Internet Files/Low/Content.IE5/0YNVG0PM/
1534,gizmodo-touch-icon-ea43ab864494cdb2ddd702139283cd44[1].png,5,1432644360,/USERS/Jimmy Wilson/AppData/Local/Microsoft/Windows/Temporary Internet Files/Low/Content.IE5/0YNVG0PM/
1534,gizmodo-touch-icon-ea43ab864494cdb2ddd702139283cd44[1].png-slack,5,1432644360,/USERS/Jimmy Wilson/AppData/Local/Microsoft/Windows/Temporary Internet Files/Low/Content.IE5/0YNVG0PM/
1831,googleplus1[1].png,5,1432644361,/USERS/Jimmy Wilson/AppData/Local/Microsoft/Windows/Temporary Internet Files/Low/Content.IE5/0YNVG0PM/
1831,googleplus1[1].png-slack,5,1432644361,/USERS/Jimmy Wilson/AppData/Local/Microsoft/Windows/Temporary Internet Files/Low/Content.IE5/0YNVG0PM/
719,icon-map[1].png,5,1432644356,/USERS/Jimmy Wilson/AppData/Local/Microsoft/Windows/Temporary Internet Files/Low/Content.IE5/0YNVG0PM/
719,icon-map[1].png-slack,5,1432644356,/USERS/Jimmy Wilson/AppData/Local/Microsoft/Windows/Temporary Internet Files/Low/Content.IE5/0YNVG0PM/
849,icon-part_row-2side[1].png,5,1432644357,/USERS/Jimmy Wilson/AppData/Local/Microsoft/Windows/Temporary Internet Files/Low/Content.IE5/0YNVG0PM/
849,icon-part_row-2side[1].png-slack,5,1432644357,/USERS/Jimmy Wilson/AppData/Local/Microsoft/Windows/Temporary Internet Files/Low/Content.IE5/0YNVG0PM/
727,icon-print[1].png,5,1432644356,/USERS/Jimmy Wilson/AppData/Local/Microsoft/Windows/Temporary Internet Files/Low/Content.IE5/0YNVG0PM/
727,icon-print[1].png-slack,5,1432644356,/USERS/Jimmy Wilson/AppData/Local/Microsoft/Windows/Temporary Internet Files/Low/Content.IE5/0YNVG0PM/
871,icon_cart[1].png,5,1432644357,/USERS/Jimmy Wilson/AppData/Local/Microsoft/Windows/Temporary Internet Files/Low/Content.IE5/0YNVG0PM/
871,icon_cart[1].png-slack,5,1432644357,/USERS/Jimmy Wilson/AppData/Local/Microsoft/Windows/Temporary Internet Files/Low/Content.IE5/0YNVG0PM/
1833,pinterest[1].png,5,1432644361,/USERS/Jimmy Wilson/AppData/Local/Microsoft/Windows/Temporary Internet Files/Low/Content.IE5/0YNVG0PM/
1833,pinterest[1].png-slack,5,1432644361,/USERS/Jimmy Wilson/AppData/Local/Microsoft/Windows/Temporary Internet Files/Low/Content.IE5/0YNVG0PM/
1459,pixel[1].png,5,1432644360,/USERS/Jimmy Wilson/AppData/Local/Microsoft/Windows/Temporary Internet Files/Low/Content.IE5/0YNVG0PM/
1765,pixel[2].png,5,1432644361,/USERS/Jimmy Wilson/AppData/Local/Microsoft/Windows/Temporary Internet Files/Low/Content.IE5/0YNVG0PM/
999,prev[1].png,5,1432644357,/USERS/Jimmy Wilson/AppData/Local/Microsoft/Windows/Temporary Internet Files/Low/Content.IE5/0YNVG0PM/
999,prev[1].png-slack,5,1432644357,/USERS/Jimmy Wilson/AppData/Local/Microsoft/Windows/Temporary Internet Files/Low/Content.IE5/0YNVG0PM/
1259,902c8bdd[1].png,5,1432644359,/USERS/Jimmy Wilson/AppData/Local/Microsoft/Windows/Temporary Internet Files/Low/Content.IE5/0YNVG0PM/
1259,902c8bdd[1].png-slack,5,1432644359,/USERS/Jimmy Wilson/AppData/Local/Microsoft/Windows/Temporary Internet Files/Low/Content.IE5/0YNVG0PM/
682,1390411367089.png.pagespeed.ce.Zcq8nRxnsB[1].png,5,1432644356,/USERS/Jimmy Wilson/AppData/Local/Microsoft/Windows/Temporary Internet Files/Low/Content.IE5/0YNVG0PM/
682,1390411367089.png.pagespeed.ce.Zcq8nRxnsB[1].png-slack,5,1432644356,/USERS/Jimmy Wilson/AppData/Local/Microsoft/Windows/Temporary Internet Files/Low/Content.IE5/0YNVG0PM/
868,bbb[1].png,5,1432644357,/USERS/Jimmy Wilson/AppData/Local/Microsoft/Windows/Temporary Internet Files/Low/Content.IE5/0YNVG0PM/
868,bbb[1].png-slack,5,1432644357,/USERS/Jimmy Wilson/AppData/Local/Microsoft/Windows/Temporary Internet Files/Low/Content.IE5/0YNVG0PM/
741,bg-zbtn-shadow-mid[1].png,5,1432644356,/USERS/Jimmy Wilson/AppData/Local/Microsoft/Windows/Temporary Internet Files/Low/Content.IE5/0YNVG0PM/
1511,wplogo[1].png,5,1432644360,/USERS/Jimmy Wilson/AppData/Local/Microsoft/Windows/Temporary Internet Files/Low/Content.IE5/0YNVG0PM/
1511,wplogo[1].png-slack,5,1432644360,/USERS/Jimmy Wilson/AppData/Local/Microsoft/Windows/Temporary Internet Files/Low/Content.IE5/0YNVG0PM/
683,x1390411367123.png.pagespeed.ic.sVSplOENXI[1].png,5,1432644356,/USERS/Jimmy Wilson/AppData/Local/Microsoft/Windows/Temporary Internet Files/Low/Content.IE5/0YNVG0PM/
683,x1390411367123.png.pagespeed.ic.sVSplOENXI[1].png-slack,5,1432644356,/USERS/Jimmy Wilson/AppData/Local/Microsoft/Windows/Temporary Internet Files/Low/Content.IE5/0YNVG0PM/
642,xbg-arrow-blue-side.png.pagespeed.ic.7-xH1tagXY[1].png,5,1432644356,/USERS/Jimmy Wilson/AppData/Local/Microsoft/Windows/Temporary Internet Files/Low/Content.IE5/0YNVG0PM/
619,xbg-arrow-white.png.pagespeed.ic.pPG89cBiPH[1].png,5,1432644356,/USERS/Jimmy Wilson/AppData/Local/Microsoft/Windows/Temporary Internet Files/Low/Content.IE5/0YNVG0PM/
696,xbg-circular-arrow-light-blue.png.pagespeed.ic.Zu40bthLMe[1].png,5,1432644356,/USERS/Jimmy Wilson/AppData/Local/Microsoft/Windows/Temporary Internet Files/Low/Content.IE5/0YNVG0PM/
618,xbg-squares-content.png.pagespeed.ic.afQKV9_A3L[1].png,5,1432644356,/USERS/Jimmy Wilson/AppData/Local/Microsoft/Windows/Temporary Internet Files/Low/Content.IE5/0YNVG0PM/
618,xbg-squares-content.png.pagespeed.ic.afQKV9_A3L[1].png-slack,5,1432644356,/USERS/Jimmy Wilson/AppData/Local/Microsoft/Windows/Temporary Internet Files/Low/Content.IE5/0YNVG0PM/
652,xbg-tab-gradient-gray.png.pagespeed.ic.NjPxZyA_JI[1].png,5,1432644356,/USERS/Jimmy Wilson/AppData/Local/Microsoft/Windows/Temporary Internet Files/Low/Content.IE5/0YNVG0PM/
697,xbg-zebra-btn-hover.png.pagespeed.ic.UN0gfN5A_X[1].png,5,1432644356,/USERS/Jimmy Wilson/AppData/Local/Microsoft/Windows/Temporary Internet Files/Low/Content.IE5/0YNVG0PM/
597,ximg-flag-brazil.png.pagespeed.ic.euVtnuwaxB[1].png,5,1432644356,/USERS/Jimmy Wilson/AppData/Local/Microsoft/Windows/Temporary Internet Files/Low/Content.IE5/0YNVG0PM/
597,ximg-flag-brazil.png.pagespeed.ic.euVtnuwaxB[1].png-slack,5,1432644356,/USERS/Jimmy Wilson/AppData/Local/Microsoft/Windows/Temporary Internet Files/Low/Content.IE5/0YNVG0PM/
628,ximg-flag-finland.png.pagespeed.ic.Ia0fLK0xQf[1].png,5,1432644356,/USERS/Jimmy Wilson/AppData/Local/Microsoft/Windows/Temporary Internet Files/Low/Content.IE5/0YNVG0PM/
604,ximg-flag-japan.png.pagespeed.ic.C5JtcyheuZ[1].png,5,1432644356,/USERS/Jimmy Wilson/AppData/Local/Microsoft/Windows/Temporary Internet Files/Low/Content.IE5/0YNVG0PM/
604,ximg-flag-japan.png.pagespeed.ic.C5JtcyheuZ[1].png-slack,5,1432644356,/USERS/Jimmy Wilson/AppData/Local/Microsoft/Windows/Temporary Internet Files/Low/Content.IE5/0YNVG0PM/
603,ximg-flag-korea.png.pagespeed.ic.aEy-6BxtKb[1].png,5,1432644356,/USERS/Jimmy Wilson/AppData/Local/Microsoft/Windows/Temporary Internet Files/Low/Content.IE5/0YNVG0PM/
603,ximg-flag-korea.png.pagespeed.ic.aEy-6BxtKb[1].png-slack,5,1432644356,/USERS/Jimmy Wilson/AppData/Local/Microsoft/Windows/Temporary Internet Files/Low/Content.IE5/0YNVG0PM/
606,ximg-flag-russia.png.pagespeed.ic.5hUaUoeYbv[1].png,5,1432644356,/USERS/Jimmy Wilson/AppData/Local/Microsoft/Windows/Temporary Internet Files/Low/Content.IE5/0YNVG0PM/
602,ximg-flag-uk.png.pagespeed.ic.1Sr3aKTHB3[1].png,5,1432644356,/USERS/Jimmy Wilson/AppData/Local/Microsoft/Windows/Temporary Internet Files/Low/Content.IE5/0YNVG0PM/
602,ximg-flag-uk.png.pagespeed.ic.1Sr3aKTHB3[1].png-slack,5,1432644356,/USERS/Jimmy Wilson/AppData/Local/Microsoft/Windows/Temporary Internet Files/Low/Content.IE5/0YNVG0PM/
711,xsoftware-placeholder.png.pagespeed.ic.oDaS8dedqY[1].jpg,5,1432644356,/USERS/Jimmy Wilson/AppData/Local/Microsoft/Windows/Temporary Internet Files/Low/Content.IE5/0YNVG0PM/
711,xsoftware-placeholder.png.pagespeed.ic.oDaS8dedqY[1].jpg-slack,5,1432644356,/USERS/Jimmy Wilson/AppData/Local/Microsoft/Windows/Temporary Internet Files/Low/Content.IE5/0YNVG0PM/
527,chrome-48[1].png,5,1432644356,/USERS/Jimmy Wilson/AppData/Local/Microsoft/Windows/Temporary Internet Files/Low/Content.IE5/0YNVG0PM/
527,chrome-48[1].png-slack,5,1432644356,/USERS/Jimmy Wilson/AppData/Local/Microsoft/Windows/Temporary Internet Files/Low/Content.IE5/0YNVG0PM/
1360,seal-free7day[1].png,5,1432644360,/USERS/Jimmy Wilson/AppData/Local/Microsoft/Windows/Temporary Internet Files/Low/Content.IE5/0YNVG0PM/
1360,seal-free7day[1].png-slack,5,1432644360,/USERS/Jimmy Wilson/AppData/Local/Microsoft/Windows/Temporary Internet Files/Low/Content.IE5/0YNVG0PM/
884,search-results-bar_bg[1].png,5,1432644357,/USERS/Jimmy Wilson/AppData/Local/Microsoft/Windows/Temporary Internet Files/Low/Content.IE5/0YNVG0PM/
884,search-results-bar_bg[1].png-slack,5,1432644357,/USERS/Jimmy Wilson/AppData/Local/Microsoft/Windows/Temporary Internet Files/Low/Content.IE5/0YNVG0PM/
1020,srp-sprite-201311141711[1].png,5,1432644358,/USERS/Jimmy Wilson/AppData/Local/Microsoft/Windows/Temporary Internet Files/Low/Content.IE5/0YNVG0PM/
1020,srp-sprite-201311141711[1].png-slack,5,1432644358,/USERS/Jimmy Wilson/AppData/Local/Microsoft/Windows/Temporary Internet Files/Low/Content.IE5/0YNVG0PM/
748,bg-link-arrow-white[1].png,5,1432644356,/USERS/Jimmy Wilson/AppData/Local/Microsoft/Windows/Temporary Internet Files/Low/Content.IE5/0YNVG0PM/
748,bg-link-arrow-white[1].png-slack,5,1432644356,/USERS/Jimmy Wilson/AppData/Local/Microsoft/Windows/Temporary Internet Files/Low/Content.IE5/0YNVG0PM/
720,bg-main-nav-dropdown-sol-selector[1].png,5,1432644356,/USERS/Jimmy Wilson/AppData/Local/Microsoft/Windows/Temporary Internet Files/Low/Content.IE5/0YNVG0PM/
720,bg-main-nav-dropdown-sol-selector[1].png-slack,5,1432644356,/USERS/Jimmy Wilson/AppData/Local/Microsoft/Windows/Temporary Internet Files/Low/Content.IE5/0YNVG0PM/
759,bg-product-tooltip[1].png,5,1432644356,/USERS/Jimmy Wilson/AppData/Local/Microsoft/Windows/Temporary Internet Files/Low/Content.IE5/0YNVG0PM/
990,bg-rightside[1].png,5,1432644357,/USERS/Jimmy Wilson/AppData/Local/Microsoft/Windows/Temporary Internet Files/Low/Content.IE5/0YNVG0PM/
725,bg-search-input[1].png,5,1432644356,/USERS/Jimmy Wilson/AppData/Local/Microsoft/Windows/Temporary Internet Files/Low/Content.IE5/0YNVG0PM/
725,bg-search-input[1].png-slack,5,1432644356,/USERS/Jimmy Wilson/AppData/Local/Microsoft/Windows/Temporary Internet Files/Low/Content.IE5/0YNVG0PM/
749,btn-get-started-bg-left[1].png,5,1432644356,/USERS/Jimmy Wilson/AppData/Local/Microsoft/Windows/Temporary Internet Files/Low/Content.IE5/0YNVG0PM/
749,btn-get-started-bg-left[1].png-slack,5,1432644356,/USERS/Jimmy Wilson/AppData/Local/Microsoft/Windows/Temporary Internet Files/Low/Content.IE5/0YNVG0PM/
1658,btn-topnav-search[1].png,5,1432644361,/USERS/Jimmy Wilson/AppData/Local/Microsoft/Windows/Temporary Internet Files/Low/Content.IE5/0YNVG0PM/
1658,btn-topnav-search[1].png-slack,5,1432644361,/USERS/Jimmy Wilson/AppData/Local/Microsoft/Windows/Temporary Internet Files/Low/Content.IE5/0YNVG0PM/
531,mgyhp_sm[1].png,5,1432644356,/USERS/Jimmy Wilson/AppData/Local/Microsoft/Windows/Temporary Internet Files/Low/Content.IE5/0YNVG0PM/
1071,olympics-NBC-1x[1].png,5,1432644358,/USERS/Jimmy Wilson/AppData/Local/Microsoft/Windows/Temporary Internet Files/Low/Content.IE5/0YNVG0PM/
1071,olympics-NBC-1x[1].png-slack,5,1432644358,/USERS/Jimmy Wilson/AppData/Local/Microsoft/Windows/Temporary Internet Files/Low/Content.IE5/0YNVG0PM/
1187,down-arrow[1].png,5,1432644358,/USERS/Jimmy Wilson/AppData/Local/Microsoft/Windows/Temporary Internet Files/Low/Content.IE5/0YNVG0PM/
1442,ehownow_article_logo_small[1].png,5,1432644360,/USERS/Jimmy Wilson/AppData/Local/Microsoft/Windows/Temporary Internet Files/Low/Content.IE5/0YNVG0PM/
1442,ehownow_article_logo_small[1].png-slack,5,1432644360,/USERS/Jimmy Wilson/AppData/Local/Microsoft/Windows/Temporary Internet Files/Low/Content.IE5/0YNVG0PM/
886,featured-subcat-title[1].png,5,1432644357,/USERS/Jimmy Wilson/AppData/Local/Microsoft/Windows/Temporary Internet Files/Low/Content.IE5/0YNVG0PM/
886,featured-subcat-title[1].png-slack,5,1432644357,/USERS/Jimmy Wilson/AppData/Local/Microsoft/Windows/Temporary Internet Files/Low/Content.IE5/0YNVG0PM/
1095,finance_icons_sprite[1].png,5,1432644358,/USERS/Jimmy Wilson/AppData/Local/Microsoft/Windows/Temporary Internet Files/Low/Content.IE5/0YNVG0PM/
1095,finance_icons_sprite[1].png-slack,5,1432644358,/USERS/Jimmy Wilson/AppData/Local/Microsoft/Windows/Temporary Internet Files/Low/Content.IE5/0YNVG0PM/
887,footer_shadow[1].png,5,1432644357,/USERS/Jimmy Wilson/AppData/Local/Microsoft/Windows/Temporary Internet Files/Low/Content.IE5/0YNVG0PM/
887,footer_shadow[1].png-slack,5,1432644357,/USERS/Jimmy Wilson/AppData/Local/Microsoft/Windows/Temporary Internet Files/Low/Content.IE5/0YNVG0PM/
1906,statefundedradio[1].png,5,1432644362,/USERS/Jimmy Wilson/AppData/Local/Microsoft/Windows/Temporary Internet Files/Low/Content.IE5/0YNVG0PM/
1906,statefundedradio[1].png-slack,5,1432644362,/USERS/Jimmy Wilson/AppData/Local/Microsoft/Windows/Temporary Internet Files/Low/Content.IE5/0YNVG0PM/
1829,tumblr[1].png,5,1432644361,/USERS/Jimmy Wilson/AppData/Local/Microsoft/Windows/Temporary Internet Files/Low/Content.IE5/0YNVG0PM/
1829,tumblr[1].png-slack,5,1432644361,/USERS/Jimmy Wilson/AppData/Local/Microsoft/Windows/Temporary Internet Files/Low/Content.IE5/0YNVG0PM/
1830,twitter[1].png,5,1432644361,/USERS/Jimmy Wilson/AppData/Local/Microsoft/Windows/Temporary Internet Files/Low/Content.IE5/0YNVG0PM/
1897,RadioShack_CustomButton_V2[1].png,5,1432644362,/USERS/Jimmy Wilson/AppData/Local/Microsoft/Windows/Temporary Internet Files/Low/Content.IE5/0YNVG0PM/
1897,RadioShack_CustomButton_V2[1].png-slack,5,1432644362,/USERS/Jimmy Wilson/AppData/Local/Microsoft/Windows/Temporary Internet Files/Low/Content.IE5/0YNVG0PM/
1832,reddit[1].png,5,1432644361,/USERS/Jimmy Wilson/AppData/Local/Microsoft/Windows/Temporary Internet Files/Low/Content.IE5/0YNVG0PM/
1832,reddit[1].png-slack,5,1432644361,/USERS/Jimmy Wilson/AppData/Local/Microsoft/Windows/Temporary Internet Files/Low/Content.IE5/0YNVG0PM/
532,logo11w[1].png,5,1432644356,/USERS/Jimmy Wilson/AppData/Local/Microsoft/Windows/Temporary Internet Files/Low/Content.IE5/0YNVG0PM/
532,logo11w[1].png-slack,5,1432644356,/USERS/Jimmy Wilson/AppData/Local/Microsoft/Windows/Temporary Internet Files/Low/Content.IE5/0YNVG0PM/
1680,logo[1].png,5,1432644361,/USERS/Jimmy Wilson/AppData/Local/Microsoft/Windows/Temporary Internet Files/Low/Content.IE5/0YNVG0PM/
1680,logo[1].png-slack,5,1432644361,/USERS/Jimmy Wilson/AppData/Local/Microsoft/Windows/Temporary Internet Files/Low/Content.IE5/0YNVG0PM/
1058,logo_spinningaround_large_purple[1].png,5,1432644358,/USERS/Jimmy Wilson/AppData/Local/Microsoft/Windows/Temporary Internet Files/Low/Content.IE5/0YNVG0PM/
1058,logo_spinningaround_large_purple[1].png-slack,5,1432644358,/USERS/Jimmy Wilson/AppData/Local/Microsoft/Windows/Temporary Internet Files/Low/Content.IE5/0YNVG0PM/
1583,17jcxp06aqnkmpng[1].png,5,1432644360,/USERS/Jimmy Wilson/AppData/Local/Microsoft/Windows/Temporary Internet Files/Low/Content.IE5/0YNVG0PM/
885,arrow_blue-guide[1].png,5,1432644357,/USERS/Jimmy Wilson/AppData/Local/Microsoft/Windows/Temporary Internet Files/Low/Content.IE5/0YNVG0PM/
885,arrow_blue-guide[1].png-slack,5,1432644357,/USERS/Jimmy Wilson/AppData/Local/Microsoft/Windows/Temporary Internet Files/Low/Content.IE5/0YNVG0PM/
1681,nav-modvagabond[1].png,5,1432644361,/USERS/Jimmy Wilson/AppData/Local/Microsoft/Windows/Temporary Internet Files/Low/Content.IE5/0YNVG0PM/
1681,nav-modvagabond[1].png-slack,5,1432644361,/USERS/Jimmy Wilson/AppData/Local/Microsoft/Windows/Temporary Internet Files/Low/Content.IE5/0YNVG0PM/
872,navbar_bg[1].png,5,1432644357,/USERS/Jimmy Wilson/AppData/Local/Microsoft/Windows/Temporary Internet Files/Low/Content.IE5/0YNVG0PM/
872,navbar_bg[1].png-slack,5,1432644357,/USERS/Jimmy Wilson/AppData/Local/Microsoft/Windows/Temporary Internet Files/Low/Content.IE5/0YNVG0PM/
1499,noavatar92.675fb4b91ca717db030507f2d84bcfdf[1].png,5,1432644360,/USERS/Jimmy Wilson/AppData/Local/Microsoft/Windows/Temporary Internet Files/Low/Content.IE5/0YNVG0PM/
1499,noavatar92.675fb4b91ca717db030507f2d84bcfdf[1].png-slack,5,1432644360,/USERS/Jimmy Wilson/AppData/Local/Microsoft/Windows/Temporary Internet Files/Low/Content.IE5/0YNVG0PM/
1520,original[1].png,5,1432644360,/USERS/Jimmy Wilson/AppData/Local/Microsoft/Windows/Temporary Internet Files/Low/Content.IE5/0YNVG0PM/
1520,original[1].png-slack,5,1432644360,/USERS/Jimmy Wilson/AppData/Local/Microsoft/Windows/Temporary Internet Files/Low/Content.IE5/0YNVG0PM/
1828,facebook[1].png,5,1432644361,/USERS/Jimmy Wilson/AppData/Local/Microsoft/Windows/Temporary Internet Files/Low/Content.IE5/0YNVG0PM/
763,fancybox-y[1].png,5,1432644356,/USERS/Jimmy Wilson/AppData/Local/Microsoft/Windows/Temporary Internet Files/Low/Content.IE5/0YNVG0PM/
637,xbg-main-nav-dropdown-sol-selector.png.pagespeed.ic.CSRECnPHYK[1].png,5,1432644356,/USERS/Jimmy Wilson/AppData/Local/Microsoft/Windows/Temporary Internet Files/Low/Content.IE5/0YNVG0PM/
756,share-linkedin[1].png,5,1432644356,/USERS/Jimmy Wilson/AppData/Local/Microsoft/Windows/Temporary Internet Files/Low/Content.IE5/0YNVG0PM/
756,share-linkedin[1].png-slack,5,1432644356,/USERS/Jimmy Wilson/AppData/Local/Microsoft/Windows/Temporary Internet Files/Low/Content.IE5/0YNVG0PM/
742,bg-zbtn-shadow-right[1].png,5,1432644356,/USERS/Jimmy Wilson/AppData/Local/Microsoft/Windows/Temporary Internet Files/Low/Content.IE5/0YNVG0PM/
659,productfamily.img.teaser[1].png,5,1432644356,/USERS/Jimmy Wilson/AppData/Local/Microsoft/Windows/Temporary Internet Files/Low/Content.IE5/0YNVG0PM/
659,productfamily.img.teaser[1].png-slack,5,1432644356,/USERS/Jimmy Wilson/AppData/Local/Microsoft/Windows/Temporary Internet Files/Low/Content.IE5/0YNVG0PM/
641,xbg-link-arrow-yellow.png.pagespeed.ic.pTcxSLxx3D[1].png,5,1432644356,/USERS/Jimmy Wilson/AppData/Local/Microsoft/Windows/Temporary Internet Files/Low/Content.IE5/0YNVG0PM/
601,ximg-flag-australia.png.pagespeed.ic.rUBKWHB9Br[1].png,5,1432644356,/USERS/Jimmy Wilson/AppData/Local/Microsoft/Windows/Temporary Internet Files/Low/Content.IE5/0YNVG0PM/
601,ximg-flag-australia.png.pagespeed.ic.rUBKWHB9Br[1].png-slack,5,1432644356,/USERS/Jimmy Wilson/AppData/Local/Microsoft/Windows/Temporary Internet Files/Low/Content.IE5/0YNVG0PM/
1902,investing[1].png,5,1432644362,/USERS/Jimmy Wilson/AppData/Local/Microsoft/Windows/Temporary Internet Files/Low/Content.IE5/0YNVG0PM/
1902,investing[1].png-slack,5,1432644362,/USERS/Jimmy Wilson/AppData/Local/Microsoft/Windows/Temporary Internet Files/Low/Content.IE5/0YNVG0PM/
1535,io9-touch-icon-6534ae1cdd3f1e6a653852bfd8be4963[1].png,5,1432644360,/USERS/Jimmy Wilson/AppData/Local/Microsoft/Windows/Temporary Internet Files/Low/Content.IE5/0YNVG0PM/
1535,io9-touch-icon-6534ae1cdd3f1e6a653852bfd8be4963[1].png-slack,5,1432644360,/USERS/Jimmy Wilson/AppData/Local/Microsoft/Windows/Temporary Internet Files/Low/Content.IE5/0YNVG0PM/
677,1390411366955.png.pagespeed.ce.dSGsfzdSa3[1].png,5,1432644356,/USERS/Jimmy Wilson/AppData/Local/Microsoft/Windows/Temporary Internet Files/Low/Content.IE5/CBU4KX3T/
677,1390411366955.png.pagespeed.ce.dSGsfzdSa3[1].png-slack,5,1432644356,/USERS/Jimmy Wilson/AppData/Local/Microsoft/Windows/Temporary Internet Files/Low/Content.IE5/CBU4KX3T/
1153,16x16_100_xyQso8AK7f86j-WYq8Qqew[1].png,5,1432644358,/USERS/Jimmy Wilson/AppData/Local/Microsoft/Windows/Temporary Internet Files/Low/Content.IE5/CBU4KX3T/
1153,16x16_100_xyQso8AK7f86j-WYq8Qqew[1].png-slack,5,1432644358,/USERS/Jimmy Wilson/AppData/Local/Microsoft/Windows/Temporary Internet Files/Low/Content.IE5/CBU4KX3T/
1608,17818101630012977128[1].png,5,1432644361,/USERS/Jimmy Wilson/AppData/Local/Microsoft/Windows/Temporary Internet Files/Low/Content.IE5/CBU4KX3T/
1608,17818101630012977128[1].png-slack,5,1432644361,/USERS/Jimmy Wilson/AppData/Local/Microsoft/Windows/Temporary Internet Files/Low/Content.IE5/CBU4KX3T/
1598,17jcxldy9dbzapng[1].png,5,1432644361,/USERS/Jimmy Wilson/AppData/Local/Microsoft/Windows/Temporary Internet Files/Low/Content.IE5/CBU4KX3T/
1596,17jcxm3lnjqwmpng[1].png,5,1432644361,/USERS/Jimmy Wilson/AppData/Local/Microsoft/Windows/Temporary Internet Files/Low/Content.IE5/CBU4KX3T/
926,icon_navbar_guide[1].png,5,1432644357,/USERS/Jimmy Wilson/AppData/Local/Microsoft/Windows/Temporary Internet Files/Low/Content.IE5/CBU4KX3T/
926,icon_navbar_guide[1].png-slack,5,1432644357,/USERS/Jimmy Wilson/AppData/Local/Microsoft/Windows/Temporary Internet Files/Low/Content.IE5/CBU4KX3T/
925,icon_navbar_quote[1].png,5,1432644357,/USERS/Jimmy Wilson/AppData/Local/Microsoft/Windows/Temporary Internet Files/Low/Content.IE5/CBU4KX3T/
925,icon_navbar_quote[1].png-slack,5,1432644357,/USERS/Jimmy Wilson/AppData/Local/Microsoft/Windows/Temporary Internet Files/Low/Content.IE5/CBU4KX3T/
1525,avatar-default-color@2x[1].png,5,1432644360,/USERS/Jimmy Wilson/AppData/Local/Microsoft/Windows/Temporary Internet Files/Low/Content.IE5/CBU4KX3T/
1525,avatar-default-color@2x[1].png-slack,5,1432644360,/USERS/Jimmy Wilson/AppData/Local/Microsoft/Windows/Temporary Internet Files/Low/Content.IE5/CBU4KX3T/
882,banner_callout-ebook[1].png,5,1432644357,/USERS/Jimmy Wilson/AppData/Local/Microsoft/Windows/Temporary Internet Files/Low/Content.IE5/CBU4KX3T/
882,banner_callout-ebook[1].png-slack,5,1432644357,/USERS/Jimmy Wilson/AppData/Local/Microsoft/Windows/Temporary Internet Files/Low/Content.IE5/CBU4KX3T/
736,bg-arrow-blue-side[1].png,5,1432644356,/USERS/Jimmy Wilson/AppData/Local/Microsoft/Windows/Temporary Internet Files/Low/Content.IE5/CBU4KX3T/
736,bg-arrow-blue-side[1].png-slack,5,1432644356,/USERS/Jimmy Wilson/AppData/Local/Microsoft/Windows/Temporary Internet Files/Low/Content.IE5/CBU4KX3T/
737,bg-circular-arrow[1].png,5,1432644356,/USERS/Jimmy Wilson/AppData/Local/Microsoft/Windows/Temporary Internet Files/Low/Content.IE5/CBU4KX3T/
737,bg-circular-arrow[1].png-slack,5,1432644356,/USERS/Jimmy Wilson/AppData/Local/Microsoft/Windows/Temporary Internet Files/Low/Content.IE5/CBU4KX3T/
733,bg-link-arrow-blue[1].png,5,1432644356,/USERS/Jimmy Wilson/AppData/Local/Microsoft/Windows/Temporary Internet Files/Low/Content.IE5/CBU4KX3T/
733,bg-link-arrow-blue[1].png-slack,5,1432644356,/USERS/Jimmy Wilson/AppData/Local/Microsoft/Windows/Temporary Internet Files/Low/Content.IE5/CBU4KX3T/
624,bg-nav[1].png,5,1432644356,/USERS/Jimmy Wilson/AppData/Local/Microsoft/Windows/Temporary Internet Files/Low/Content.IE5/CBU4KX3T/
624,bg-nav[1].png-slack,5,1432644356,/USERS/Jimmy Wilson/AppData/Local/Microsoft/Windows/Temporary Internet Files/Low/Content.IE5/CBU4KX3T/
729,bg-sidebar-btn-gray[1].png,5,1432644356,/USERS/Jimmy Wilson/AppData/Local/Microsoft/Windows/Temporary Internet Files/Low/Content.IE5/CBU4KX3T/
729,bg-sidebar-btn-gray[1].png-slack,5,1432644356,/USERS/Jimmy Wilson/AppData/Local/Microsoft/Windows/Temporary Internet Files/Low/Content.IE5/CBU4KX3T/
1409,QwX8zsil-LN[1].png,5,1432644360,/USERS/Jimmy Wilson/AppData/Local/Microsoft/Windows/Temporary Internet Files/Low/Content.IE5/CBU4KX3T/
1409,QwX8zsil-LN[1].png-slack,5,1432644360,/USERS/Jimmy Wilson/AppData/Local/Microsoft/Windows/Temporary Internet Files/Low/Content.IE5/CBU4KX3T/
663,successstory_a8ac.img.teaserImage[2].png,5,1432644356,/USERS/Jimmy Wilson/AppData/Local/Microsoft/Windows/Temporary Internet Files/Low/Content.IE5/CBU4KX3T/
663,successstory_a8ac.img.teaserImage[2].png-slack,5,1432644356,/USERS/Jimmy Wilson/AppData/Local/Microsoft/Windows/Temporary Internet Files/Low/Content.IE5/CBU4KX3T/
539,tia[1].png,5,1432644356,/USERS/Jimmy Wilson/AppData/Local/Microsoft/Windows/Temporary Internet Files/Low/Content.IE5/CBU4KX3T/
676,x1390411366988.png.pagespeed.ic.dqLDlTwcRe[1].png,5,1432644356,/USERS/Jimmy Wilson/AppData/Local/Microsoft/Windows/Temporary Internet Files/Low/Content.IE5/CBU4KX3T/
676,x1390411366988.png.pagespeed.ic.dqLDlTwcRe[1].png-slack,5,1432644356,/USERS/Jimmy Wilson/AppData/Local/Microsoft/Windows/Temporary Internet Files/Low/Content.IE5/CBU4KX3T/
678,x1390411367022.png.pagespeed.ic.dkj8TzTGh3[1].png,5,1432644356,/USERS/Jimmy Wilson/AppData/Local/Microsoft/Windows/Temporary Internet Files/Low/Content.IE5/CBU4KX3T/
678,x1390411367022.png.pagespeed.ic.dkj8TzTGh3[1].png-slack,5,1432644356,/USERS/Jimmy Wilson/AppData/Local/Microsoft/Windows/Temporary Internet Files/Low/Content.IE5/CBU4KX3T/
679,x1390411367055.png.pagespeed.ic.41x5QjnOLr[1].png,5,1432644356,/USERS/Jimmy Wilson/AppData/Local/Microsoft/Windows/Temporary Internet Files/Low/Content.IE5/CBU4KX3T/
679,x1390411367055.png.pagespeed.ic.41x5QjnOLr[1].png-slack,5,1432644356,/USERS/Jimmy Wilson/AppData/Local/Microsoft/Windows/Temporary Internet Files/Low/Content.IE5/CBU4KX3T/
643,xbg-circular-arrow.png.pagespeed.ic.U7NUwSDqvg[1].png,5,1432644356,/USERS/Jimmy Wilson/AppData/Local/Microsoft/Windows/Temporary Internet Files/Low/Content.IE5/CBU4KX3T/
278,F6D97624A1F3B0AEC8AE8C81604F[1].png,5,1432644355,/USERS/Jimmy Wilson/AppData/Local/Microsoft/Windows/Temporary Internet Files/Low/Content.IE5/CBU4KX3T/
278,F6D97624A1F3B0AEC8AE8C81604F[1].png-slack,5,1432644355,/USERS/Jimmy Wilson/AppData/Local/Microsoft/Windows/Temporary Internet Files/Low/Content.IE5/CBU4KX3T/
964,facebook-logo[1].png,5,1432644357,/USERS/Jimmy Wilson/AppData/Local/Microsoft/Windows/Temporary Internet Files/Low/Content.IE5/CBU4KX3T/
964,facebook-logo[1].png-slack,5,1432644357,/USERS/Jimmy Wilson/AppData/Local/Microsoft/Windows/Temporary Internet Files/Low/Content.IE5/CBU4KX3T/
561,footer_pdf_icon[1].png,5,1432644356,/USERS/Jimmy Wilson/AppData/Local/Microsoft/Windows/Temporary Internet Files/Low/Content.IE5/CBU4KX3T/
561,footer_pdf_icon[1].png-slack,5,1432644356,/USERS/Jimmy Wilson/AppData/Local/Microsoft/Windows/Temporary Internet Files/Low/Content.IE5/CBU4KX3T/
124,hn_logo_new[1].png,5,1432644354,/USERS/Jimmy Wilson/AppData/Local/Microsoft/Windows/Temporary Internet Files/Low/Content.IE5/CBU4KX3T/
124,hn_logo_new[1].png-slack,5,1432644354,/USERS/Jimmy Wilson/AppData/Local/Microsoft/Windows/Temporary Internet Files/Low/Content.IE5/CBU4KX3T/
209,icon_buying-guide[1].png,5,1432644354,/USERS/Jimmy Wilson/AppData/Local/Microsoft/Windows/Temporary Internet Files/Low/Content.IE5/CBU4KX3T/
209,icon_buying-guide[1].png-slack,5,1432644354,/USERS/Jimmy Wilson/AppData/Local/Microsoft/Windows/Temporary Internet Files/Low/Content.IE5/CBU4KX3T/
614,xbg-nav-body.png.pagespeed.ic.yWeukh14Rd[1].png,5,1432644356,/USERS/Jimmy Wilson/AppData/Local/Microsoft/Windows/Temporary Internet Files/Low/Content.IE5/CBU4KX3T/
648,xbg-select-box.png.pagespeed.ic.y687zOGEup[1].png,5,1432644356,/USERS/Jimmy Wilson/AppData/Local/Microsoft/Windows/Temporary Internet Files/Low/Content.IE5/CBU4KX3T/
651,xbg-tab-gradient-yellow.png.pagespeed.ic.AUyF9tUOsT[1].png,5,1432644356,/USERS/Jimmy Wilson/AppData/Local/Microsoft/Windows/Temporary Internet Files/Low/Content.IE5/CBU4KX3T/
638,xbg-zebra-btn.png.pagespeed.ic.ClfeD5N-Gk[1].png,5,1432644356,/USERS/Jimmy Wilson/AppData/Local/Microsoft/Windows/Temporary Internet Files/Low/Content.IE5/CBU4KX3T/
600,xclear.png.pagespeed.ic.6FYvfDz77t[1].png,5,1432644356,/USERS/Jimmy Wilson/AppData/Local/Microsoft/Windows/Temporary Internet Files/Low/Content.IE5/CBU4KX3T/
629,xicon-map.png.pagespeed.ic.PqiKCXEUtS[1].png,5,1432644356,/USERS/Jimmy Wilson/AppData/Local/Microsoft/Windows/Temporary Internet Files/Low/Content.IE5/CBU4KX3T/
625,ximg-flag-norway.png.pagespeed.ic.NKyWRUGTIX[1].png,5,1432644356,/USERS/Jimmy Wilson/AppData/Local/Microsoft/Windows/Temporary Internet Files/Low/Content.IE5/CBU4KX3T/
625,ximg-flag-norway.png.pagespeed.ic.NKyWRUGTIX[1].png-slack,5,1432644356,/USERS/Jimmy Wilson/AppData/Local/Microsoft/Windows/Temporary Internet Files/Low/Content.IE5/CBU4KX3T/
623,ximg-flag-portugal.png.pagespeed.ic.zzJCyFQtRf[1].png,5,1432644356,/USERS/Jimmy Wilson/AppData/Local/Microsoft/Windows/Temporary Internet Files/Low/Content.IE5/CBU4KX3T/
623,ximg-flag-portugal.png.pagespeed.ic.zzJCyFQtRf[1].png-slack,5,1432644356,/USERS/Jimmy Wilson/AppData/Local/Microsoft/Windows/Temporary Internet Files/Low/Content.IE5/CBU4KX3T/
595,ximg-flag-usa.png.pagespeed.ic.KyfiWINuPP[1].png,5,1432644356,/USERS/Jimmy Wilson/AppData/Local/Microsoft/Windows/Temporary Internet Files/Low/Content.IE5/CBU4KX3T/
595,ximg-flag-usa.png.pagespeed.ic.KyfiWINuPP[1].png-slack,5,1432644356,/USERS/Jimmy Wilson/AppData/Local/Microsoft/Windows/Temporary Internet Files/Low/Content.IE5/CBU4KX3T/
610,ximg-flag-nederlands.png.pagespeed.ic.HUv0ua8-kR[1].png,5,1432644356,/USERS/Jimmy Wilson/AppData/Local/Microsoft/Windows/Temporary Internet Files/Low/Content.IE5/CBU4KX3T/
1203,bg-subnav[1].png,5,1432644358,/USERS/Jimmy Wilson/AppData/Local/Microsoft/Windows/Temporary Internet Files/Low/Content.IE5/CBU4KX3T/
1203,bg-subnav[1].png-slack,5,1432644358,/USERS/Jimmy Wilson/AppData/Local/Microsoft/Windows/Temporary Internet Files/Low/Content.IE5/CBU4KX3T/
760,bg-tab-secondary[1].png,5,1432644356,/USERS/Jimmy Wilson/AppData/Local/Microsoft/Windows/Temporary Internet Files/Low/Content.IE5/CBU4KX3T/
647,bg-zbtn-shadow-right.png.pagespeed.ce.bs0u1wHZrn[1].png,5,1432644356,/USERS/Jimmy Wilson/AppData/Local/Microsoft/Windows/Temporary Internet Files/Low/Content.IE5/CBU4KX3T/
752,btn-get-started-bg-right[1].png,5,1432644356,/USERS/Jimmy Wilson/AppData/Local/Microsoft/Windows/Temporary Internet Files/Low/Content.IE5/CBU4KX3T/
752,btn-get-started-bg-right[1].png-slack,5,1432644356,/USERS/Jimmy Wilson/AppData/Local/Microsoft/Windows/Temporary Internet Files/Low/Content.IE5/CBU4KX3T/
854,button_search[1].png,5,1432644357,/USERS/Jimmy Wilson/AppData/Local/Microsoft/Windows/Temporary Internet Files/Low/Content.IE5/CBU4KX3T/
854,button_search[1].png-slack,5,1432644357,/USERS/Jimmy Wilson/AppData/Local/Microsoft/Windows/Temporary Internet Files/Low/Content.IE5/CBU4KX3T/
1059,can-1685486[1].png,5,1432644358,/USERS/Jimmy Wilson/AppData/Local/Microsoft/Windows/Temporary Internet Files/Low/Content.IE5/CBU4KX3T/
1059,can-1685486[1].png-slack,5,1432644358,/USERS/Jimmy Wilson/AppData/Local/Microsoft/Windows/Temporary Internet Files/Low/Content.IE5/CBU4KX3T/
764,close-x[1].png,5,1432644356,/USERS/Jimmy Wilson/AppData/Local/Microsoft/Windows/Temporary Internet Files/Low/Content.IE5/CBU4KX3T/
764,close-x[1].png-slack,5,1432644356,/USERS/Jimmy Wilson/AppData/Local/Microsoft/Windows/Temporary Internet Files/Low/Content.IE5/CBU4KX3T/
1381,layout_011f504e[1].png,5,1432644360,/USERS/Jimmy Wilson/AppData/Local/Microsoft/Windows/Temporary Internet Files/Low/Content.IE5/CBU4KX3T/
1381,layout_011f504e[1].png-slack,5,1432644360,/USERS/Jimmy Wilson/AppData/Local/Microsoft/Windows/Temporary Internet Files/Low/Content.IE5/CBU4KX3T/
1547,lifehacker-300[1].png,5,1432644360,/USERS/Jimmy Wilson/AppData/Local/Microsoft/Windows/Temporary Internet Files/Low/Content.IE5/CBU4KX3T/
1547,lifehacker-300[1].png-slack,5,1432644360,/USERS/Jimmy Wilson/AppData/Local/Microsoft/Windows/Temporary Internet Files/Low/Content.IE5/CBU4KX3T/
966,LinkedIn[1].png,5,1432644357,/USERS/Jimmy Wilson/AppData/Local/Microsoft/Windows/Temporary Internet Files/Low/Content.IE5/CBU4KX3T/
966,LinkedIn[1].png-slack,5,1432644357,/USERS/Jimmy Wilson/AppData/Local/Microsoft/Windows/Temporary Internet Files/Low/Content.IE5/CBU4KX3T/
1277,sw_mg_l_4d_lg[1].png,5,1432644359,/USERS/Jimmy Wilson/AppData/Local/Microsoft/Windows/Temporary Internet Files/Low/Content.IE5/CBU4KX3T/
1277,sw_mg_l_4d_lg[1].png-slack,5,1432644359,/USERS/Jimmy Wilson/AppData/Local/Microsoft/Windows/Temporary Internet Files/Low/Content.IE5/CBU4KX3T/
1004,check-big[1].png,5,1432644357,/USERS/Jimmy Wilson/AppData/Local/Microsoft/Windows/Temporary Internet Files/Low/Content.IE5/CBU4KX3T/
1004,check-big[1].png-slack,5,1432644357,/USERS/Jimmy Wilson/AppData/Local/Microsoft/Windows/Temporary Internet Files/Low/Content.IE5/CBU4KX3T/
1027,transparent-1093278[1].png,5,1432644358,/USERS/Jimmy Wilson/AppData/Local/Microsoft/Windows/Temporary Internet Files/Low/Content.IE5/CBU4KX3T/
1060,usa-1685486[1].png,5,1432644358,/USERS/Jimmy Wilson/AppData/Local/Microsoft/Windows/Temporary Internet Files/Low/Content.IE5/CBU4KX3T/
1060,usa-1685486[1].png-slack,5,1432644358,/USERS/Jimmy Wilson/AppData/Local/Microsoft/Windows/Temporary Internet Files/Low/Content.IE5/CBU4KX3T/
1057,video_15x11[1].png,5,1432644358,/USERS/Jimmy Wilson/AppData/Local/Microsoft/Windows/Temporary Internet Files/Low/Content.IE5/CBU4KX3T/
1468,view-mobile[1].png,5,1432644360,/USERS/Jimmy Wilson/AppData/Local/Microsoft/Windows/Temporary Internet Files/Low/Content.IE5/CBU4KX3T/
1468,view-mobile[1].png-slack,5,1432644360,/USERS/Jimmy Wilson/AppData/Local/Microsoft/Windows/Temporary Internet Files/Low/Content.IE5/CBU4KX3T/
1900,news[1].png,5,1432644362,/USERS/Jimmy Wilson/AppData/Local/Microsoft/Windows/Temporary Internet Files/Low/Content.IE5/CBU4KX3T/
1900,news[1].png-slack,5,1432644362,/USERS/Jimmy Wilson/AppData/Local/Microsoft/Windows/Temporary Internet Files/Low/Content.IE5/CBU4KX3T/
997,next[1].png,5,1432644357,/USERS/Jimmy Wilson/AppData/Local/Microsoft/Windows/Temporary Internet Files/Low/Content.IE5/CBU4KX3T/
997,next[1].png-slack,5,1432644357,/USERS/Jimmy Wilson/AppData/Local/Microsoft/Windows/Temporary Internet Files/Low/Content.IE5/CBU4KX3T/
1502,noavatar92[1].png,5,1432644360,/USERS/Jimmy Wilson/AppData/Local/Microsoft/Windows/Temporary Internet Files/Low/Content.IE5/CBU4KX3T/
1502,noavatar92[1].png-slack,5,1432644360,/USERS/Jimmy Wilson/AppData/Local/Microsoft/Windows/Temporary Internet Files/Low/Content.IE5/CBU4KX3T/
1075,olympics-logo-1x-v2[1].png,5,1432644358,/USERS/Jimmy Wilson/AppData/Local/Microsoft/Windows/Temporary Internet Files/Low/Content.IE5/CBU4KX3T/
1076,olympics-logotype-1x-v2[1].png,5,1432644358,/USERS/Jimmy Wilson/AppData/Local/Microsoft/Windows/Temporary Internet Files/Low/Content.IE5/CBU4KX3T/
1076,olympics-logotype-1x-v2[1].png-slack,5,1432644358,/USERS/Jimmy Wilson/AppData/Local/Microsoft/Windows/Temporary Internet Files/Low/Content.IE5/CBU4KX3T/
1907,other[1].png,5,1432644362,/USERS/Jimmy Wilson/AppData/Local/Microsoft/Windows/Temporary Internet Files/Low/Content.IE5/CBU4KX3T/
1738,pixel[1].png,5,1432644361,/USERS/Jimmy Wilson/AppData/Local/Microsoft/Windows/Temporary Internet Files/Low/Content.IE5/CBU4KX3T/
1745,set-16[1].png,5,1432644361,/USERS/Jimmy Wilson/AppData/Local/Microsoft/Windows/Temporary Internet Files/Low/Content.IE5/CBU4KX3T/
1745,set-16[1].png-slack,5,1432644361,/USERS/Jimmy Wilson/AppData/Local/Microsoft/Windows/Temporary Internet Files/Low/Content.IE5/CBU4KX3T/
1380,gplus_icons_sprite[1].png,5,1432644360,/USERS/Jimmy Wilson/AppData/Local/Microsoft/Windows/Temporary Internet Files/Low/Content.IE5/CBU4KX3T/
1380,gplus_icons_sprite[1].png-slack,5,1432644360,/USERS/Jimmy Wilson/AppData/Local/Microsoft/Windows/Temporary Internet Files/Low/Content.IE5/CBU4KX3T/
1410,Gqb0XYJrQkS[1].png,5,1432644360,/USERS/Jimmy Wilson/AppData/Local/Microsoft/Windows/Temporary Internet Files/Low/Content.IE5/CBU4KX3T/
1410,Gqb0XYJrQkS[1].png-slack,5,1432644360,/USERS/Jimmy Wilson/AppData/Local/Microsoft/Windows/Temporary Internet Files/Low/Content.IE5/CBU4KX3T/
915,GuaranteedSeal_BLL[1].png,5,1432644357,/USERS/Jimmy Wilson/AppData/Local/Microsoft/Windows/Temporary Internet Files/Low/Content.IE5/CBU4KX3T/
915,GuaranteedSeal_BLL[1].png-slack,5,1432644357,/USERS/Jimmy Wilson/AppData/Local/Microsoft/Windows/Temporary Internet Files/Low/Content.IE5/CBU4KX3T/
661,successstory_a8ac.img.teaserImage[1].png,5,1432644356,/USERS/Jimmy Wilson/AppData/Local/Microsoft/Windows/Temporary Internet Files/Low/Content.IE5/CBU4KX3T/
661,successstory_a8ac.img.teaserImage[1].png-slack,5,1432644356,/USERS/Jimmy Wilson/AppData/Local/Microsoft/Windows/Temporary Internet Files/Low/Content.IE5/CBU4KX3T/
125,mathworks_new[1].png,5,1432644354,/USERS/Jimmy Wilson/AppData/Local/Microsoft/Windows/Temporary Internet Files/Low/Content.IE5/CBU4KX3T/
125,mathworks_new[1].png-slack,5,1432644354,/USERS/Jimmy Wilson/AppData/Local/Microsoft/Windows/Temporary Internet Files/Low/Content.IE5/CBU4KX3T/
1689,nav-features-hover[1].png,5,1432644361,/USERS/Jimmy Wilson/AppData/Local/Microsoft/Windows/Temporary Internet Files/Low/Content.IE5/CBU4KX3T/
1689,nav-features-hover[1].png-slack,5,1432644361,/USERS/Jimmy Wilson/AppData/Local/Microsoft/Windows/Temporary Internet Files/Low/Content.IE5/CBU4KX3T/
927,navbar_bg_hover[1].png,5,1432644357,/USERS/Jimmy Wilson/AppData/Local/Microsoft/Windows/Temporary Internet Files/Low/Content.IE5/CBU4KX3T/
927,navbar_bg_hover[1].png-slack,5,1432644357,/USERS/Jimmy Wilson/AppData/Local/Microsoft/Windows/Temporary Internet Files/Low/Content.IE5/CBU4KX3T/
1382,content_b4eb503e[1].png,5,1432644360,/USERS/Jimmy Wilson/AppData/Local/Microsoft/Windows/Temporary Internet Files/Low/Content.IE5/CBU4KX3T/
1382,content_b4eb503e[1].png-slack,5,1432644360,/USERS/Jimmy Wilson/AppData/Local/Microsoft/Windows/Temporary Internet Files/Low/Content.IE5/CBU4KX3T/
1450,e11d29f4d1a4aefcc0ce3016fd4d3e7d[1].png,5,1432644360,/USERS/Jimmy Wilson/AppData/Local/Microsoft/Windows/Temporary Internet Files/Low/Content.IE5/CBU4KX3T/
1450,e11d29f4d1a4aefcc0ce3016fd4d3e7d[1].png-slack,5,1432644360,/USERS/Jimmy Wilson/AppData/Local/Microsoft/Windows/Temporary Internet Files/Low/Content.IE5/CBU4KX3T/
1903,economic-collapse[1].png,5,1432644362,/USERS/Jimmy Wilson/AppData/Local/Microsoft/Windows/Temporary Internet Files/Low/Content.IE5/CBU4KX3T/
1903,economic-collapse[1].png-slack,5,1432644362,/USERS/Jimmy Wilson/AppData/Local/Microsoft/Windows/Temporary Internet Files/Low/Content.IE5/CBU4KX3T/
669,productfamily.img.teaser[1].png,5,1432644356,/USERS/Jimmy Wilson/AppData/Local/Microsoft/Windows/Temporary Internet Files/Low/Content.IE5/CBU4KX3T/
669,productfamily.img.teaser[1].png-slack,5,1432644356,/USERS/Jimmy Wilson/AppData/Local/Microsoft/Windows/Temporary Internet Files/Low/Content.IE5/CBU4KX3T/
680,productfamily.img.teaser[2].png,5,1432644356,/USERS/Jimmy Wilson/AppData/Local/Microsoft/Windows/Temporary Internet Files/Low/Content.IE5/CBU4KX3T/
680,productfamily.img.teaser[2].png-slack,5,1432644356,/USERS/Jimmy Wilson/AppData/Local/Microsoft/Windows/Temporary Internet Files/Low/Content.IE5/CBU4KX3T/
1950,HH9N502O.png,5,1432644362,/USERS/Jimmy Wilson/AppData/Local/Microsoft/Windows/Temporary Internet Files/Low/Content.IE5/CBU4KX3T/
1950,HH9N502O.png-slack,5,1432644362,/USERS/Jimmy Wilson/AppData/Local/Microsoft/Windows/Temporary Internet Files/Low/Content.IE5/CBU4KX3T/
890,shadow_body770[1].png,5,1432644357,/USERS/Jimmy Wilson/AppData/Local/Microsoft/Windows/Temporary Internet Files/Low/Content.IE5/CBU4KX3T/
890,shadow_body770[1].png-slack,5,1432644357,/USERS/Jimmy Wilson/AppData/Local/Microsoft/Windows/Temporary Internet Files/Low/Content.IE5/CBU4KX3T/
883,shadow_narrowbox[1].png,5,1432644357,/USERS/Jimmy Wilson/AppData/Local/Microsoft/Windows/Temporary Internet Files/Low/Content.IE5/CBU4KX3T/
883,shadow_narrowbox[1].png-slack,5,1432644357,/USERS/Jimmy Wilson/AppData/Local/Microsoft/Windows/Temporary Internet Files/Low/Content.IE5/CBU4KX3T/
757,share-facebook[1].png,5,1432644356,/USERS/Jimmy Wilson/AppData/Local/Microsoft/Windows/Temporary Internet Files/Low/Content.IE5/CBU4KX3T/
757,share-facebook[1].png-slack,5,1432644356,/USERS/Jimmy Wilson/AppData/Local/Microsoft/Windows/Temporary Internet Files/Low/Content.IE5/CBU4KX3T/
842,top-selling[1].png,5,1432644357,/USERS/Jimmy Wilson/AppData/Local/Microsoft/Windows/Temporary Internet Files/Low/Content.IE5/CBU4KX3T/
842,top-selling[1].png-slack,5,1432644357,/USERS/Jimmy Wilson/AppData/Local/Microsoft/Windows/Temporary Internet Files/Low/Content.IE5/CBU4KX3T/
620,xbg-country-dropdown.png.pagespeed.ic.AmNIFgjwxm[1].png,5,1432644356,/USERS/Jimmy Wilson/AppData/Local/Microsoft/Windows/Temporary Internet Files/Low/Content.IE5/CBU4KX3T/
620,xbg-country-dropdown.png.pagespeed.ic.AmNIFgjwxm[1].png-slack,5,1432644356,/USERS/Jimmy Wilson/AppData/Local/Microsoft/Windows/Temporary Internet Files/Low/Content.IE5/CBU4KX3T/
608,ximg-flag-italy.png.pagespeed.ic.JY2kNV-amT[1].png,5,1432644356,/USERS/Jimmy Wilson/AppData/Local/Microsoft/Windows/Temporary Internet Files/Low/Content.IE5/CBU4KX3T/
608,ximg-flag-italy.png.pagespeed.ic.JY2kNV-amT[1].png-slack,5,1432644356,/USERS/Jimmy Wilson/AppData/Local/Microsoft/Windows/Temporary Internet Files/Low/Content.IE5/CBU4KX3T/
1040,120x45ucnrxr7vw[1].png,5,1432644358,/USERS/Jimmy Wilson/AppData/Local/Microsoft/Windows/Temporary Internet Files/Low/Content.IE5/S9GG14FF/
1040,120x45ucnrxr7vw[1].png-slack,5,1432644358,/USERS/Jimmy Wilson/AppData/Local/Microsoft/Windows/Temporary Internet Files/Low/Content.IE5/S9GG14FF/
1482,1704-17-LMBinsurance_logo[1].png,5,1432644360,/USERS/Jimmy Wilson/AppData/Local/Microsoft/Windows/Temporary Internet Files/Low/Content.IE5/S9GG14FF/
1482,1704-17-LMBinsurance_logo[1].png-slack,5,1432644360,/USERS/Jimmy Wilson/AppData/Local/Microsoft/Windows/Temporary Internet Files/Low/Content.IE5/S9GG14FF/
1585,17jcxgagdkuylpng[1].png,5,1432644360,/USERS/Jimmy Wilson/AppData/Local/Microsoft/Windows/Temporary Internet Files/Low/Content.IE5/S9GG14FF/
1600,17jcxk0ml1k8qpng[1].png,5,1432644361,/USERS/Jimmy Wilson/AppData/Local/Microsoft/Windows/Temporary Internet Files/Low/Content.IE5/S9GG14FF/
1601,17mbzc7axo3z3png[1].png,5,1432644361,/USERS/Jimmy Wilson/AppData/Local/Microsoft/Windows/Temporary Internet Files/Low/Content.IE5/S9GG14FF/
1601,17mbzc7axo3z3png[1].png-slack,5,1432644361,/USERS/Jimmy Wilson/AppData/Local/Microsoft/Windows/Temporary Internet Files/Low/Content.IE5/S9GG14FF/
722,logo-zebra-bg[1].png,5,1432644356,/USERS/Jimmy Wilson/AppData/Local/Microsoft/Windows/Temporary Internet Files/Low/Content.IE5/S9GG14FF/
722,logo-zebra-bg[1].png-slack,5,1432644356,/USERS/Jimmy Wilson/AppData/Local/Microsoft/Windows/Temporary Internet Files/Low/Content.IE5/S9GG14FF/
1354,logov2[1].png,5,1432644360,/USERS/Jimmy Wilson/AppData/Local/Microsoft/Windows/Temporary Internet Files/Low/Content.IE5/S9GG14FF/
1354,logov2[1].png-slack,5,1432644360,/USERS/Jimmy Wilson/AppData/Local/Microsoft/Windows/Temporary Internet Files/Low/Content.IE5/S9GG14FF/
644,bg-zbtn-shadow-left.png.pagespeed.ce.x8DkJtUdak[1].png,5,1432644356,/USERS/Jimmy Wilson/AppData/Local/Microsoft/Windows/Temporary Internet Files/Low/Content.IE5/S9GG14FF/
730,bg-zebra-btn[1].png,5,1432644356,/USERS/Jimmy Wilson/AppData/Local/Microsoft/Windows/Temporary Internet Files/Low/Content.IE5/S9GG14FF/
416,8AB37AF75A335D76E4DDD2C025688B[1].png,5,1432644355,/USERS/Jimmy Wilson/AppData/Local/Microsoft/Windows/Temporary Internet Files/Low/Content.IE5/S9GG14FF/
416,8AB37AF75A335D76E4DDD2C025688B[1].png-slack,5,1432644355,/USERS/Jimmy Wilson/AppData/Local/Microsoft/Windows/Temporary Internet Files/Low/Content.IE5/S9GG14FF/
1549,icon-hamburger[1].png,5,1432644360,/USERS/Jimmy Wilson/AppData/Local/Microsoft/Windows/Temporary Internet Files/Low/Content.IE5/S9GG14FF/
726,icon-share[1].png,5,1432644356,/USERS/Jimmy Wilson/AppData/Local/Microsoft/Windows/Temporary Internet Files/Low/Content.IE5/S9GG14FF/
726,icon-share[1].png-slack,5,1432644356,/USERS/Jimmy Wilson/AppData/Local/Microsoft/Windows/Temporary Internet Files/Low/Content.IE5/S9GG14FF/
1740,ra1-icoset[1].png,5,1432644361,/USERS/Jimmy Wilson/AppData/Local/Microsoft/Windows/Temporary Internet Files/Low/Content.IE5/S9GG14FF/
1740,ra1-icoset[1].png-slack,5,1432644361,/USERS/Jimmy Wilson/AppData/Local/Microsoft/Windows/Temporary Internet Files/Low/Content.IE5/S9GG14FF/
1904,relationships[1].png,5,1432644362,/USERS/Jimmy Wilson/AppData/Local/Microsoft/Windows/Temporary Internet Files/Low/Content.IE5/S9GG14FF/
1904,relationships[1].png-slack,5,1432644362,/USERS/Jimmy Wilson/AppData/Local/Microsoft/Windows/Temporary Internet Files/Low/Content.IE5/S9GG14FF/
568,social_footer_google[1].png,5,1432644356,/USERS/Jimmy Wilson/AppData/Local/Microsoft/Windows/Temporary Internet Files/Low/Content.IE5/S9GG14FF/
568,social_footer_google[1].png-slack,5,1432644356,/USERS/Jimmy Wilson/AppData/Local/Microsoft/Windows/Temporary Internet Files/Low/Content.IE5/S9GG14FF/
563,social_footer_linkedin[1].png,5,1432644356,/USERS/Jimmy Wilson/AppData/Local/Microsoft/Windows/Temporary Internet Files/Low/Content.IE5/S9GG14FF/
563,social_footer_linkedin[1].png-slack,5,1432644356,/USERS/Jimmy Wilson/AppData/Local/Microsoft/Windows/Temporary Internet Files/Low/Content.IE5/S9GG14FF/
564,social_footer_twitter[1].png,5,1432644356,/USERS/Jimmy Wilson/AppData/Local/Microsoft/Windows/Temporary Internet Files/Low/Content.IE5/S9GG14FF/
564,social_footer_twitter[1].png-slack,5,1432644356,/USERS/Jimmy Wilson/AppData/Local/Microsoft/Windows/Temporary Internet Files/Low/Content.IE5/S9GG14FF/
306,49687970df83a59c6c4b11edd41879[1].png,5,1432644355,/USERS/Jimmy Wilson/AppData/Local/Microsoft/Windows/Temporary Internet Files/Low/Content.IE5/S9GG14FF/
306,49687970df83a59c6c4b11edd41879[1].png-slack,5,1432644355,/USERS/Jimmy Wilson/AppData/Local/Microsoft/Windows/Temporary Internet Files/Low/Content.IE5/S9GG14FF/
965,twitter-logo[1].png,5,1432644357,/USERS/Jimmy Wilson/AppData/Local/Microsoft/Windows/Temporary Internet Files/Low/Content.IE5/S9GG14FF/
965,twitter-logo[1].png-slack,5,1432644357,/USERS/Jimmy Wilson/AppData/Local/Microsoft/Windows/Temporary Internet Files/Low/Content.IE5/S9GG14FF/
1154,uh_sprite[1].png,5,1432644358,/USERS/Jimmy Wilson/AppData/Local/Microsoft/Windows/Temporary Internet Files/Low/Content.IE5/S9GG14FF/
1154,uh_sprite[1].png-slack,5,1432644358,/USERS/Jimmy Wilson/AppData/Local/Microsoft/Windows/Temporary Internet Files/Low/Content.IE5/S9GG14FF/
545,v1_53a1fa6a[1].png,5,1432644356,/USERS/Jimmy Wilson/AppData/Local/Microsoft/Windows/Temporary Internet Files/Low/Content.IE5/S9GG14FF/
545,v1_53a1fa6a[1].png-slack,5,1432644356,/USERS/Jimmy Wilson/AppData/Local/Microsoft/Windows/Temporary Internet Files/Low/Content.IE5/S9GG14FF/
639,xbg-arrow-blue-down.png.pagespeed.ic.f_PC2nfp7X[1].png,5,1432644356,/USERS/Jimmy Wilson/AppData/Local/Microsoft/Windows/Temporary Internet Files/Low/Content.IE5/S9GG14FF/
653,xbg-link-arrow-blue.png.pagespeed.ic.3DsUGSoout[1].png,5,1432644356,/USERS/Jimmy Wilson/AppData/Local/Microsoft/Windows/Temporary Internet Files/Low/Content.IE5/S9GG14FF/
690,xbg-link-arrow-white.png.pagespeed.ic.awQcCpbjbe[1].png,5,1432644356,/USERS/Jimmy Wilson/AppData/Local/Microsoft/Windows/Temporary Internet Files/Low/Content.IE5/S9GG14FF/
646,xbg-zbtn-shadow-mid.png.pagespeed.ic.Dx6BLEpjlx[1].png,5,1432644356,/USERS/Jimmy Wilson/AppData/Local/Microsoft/Windows/Temporary Internet Files/Low/Content.IE5/S9GG14FF/
694,xbtn-get-started-bg-left.png.pagespeed.ic.JdH3UWKLeU[1].png,5,1432644356,/USERS/Jimmy Wilson/AppData/Local/Microsoft/Windows/Temporary Internet Files/Low/Content.IE5/S9GG14FF/
694,xbtn-get-started-bg-left.png.pagespeed.ic.JdH3UWKLeU[1].png-slack,5,1432644356,/USERS/Jimmy Wilson/AppData/Local/Microsoft/Windows/Temporary Internet Files/Low/Content.IE5/S9GG14FF/
689,xbtn-get-started-bg-mid.png.pagespeed.ic.StwEzX57KM[1].png,5,1432644356,/USERS/Jimmy Wilson/AppData/Local/Microsoft/Windows/Temporary Internet Files/Low/Content.IE5/S9GG14FF/
611,ximg-flag-espana.png.pagespeed.ic.JLNFFmUqJy[1].png,5,1432644356,/USERS/Jimmy Wilson/AppData/Local/Microsoft/Windows/Temporary Internet Files/Low/Content.IE5/S9GG14FF/
611,ximg-flag-espana.png.pagespeed.ic.JLNFFmUqJy[1].png-slack,5,1432644356,/USERS/Jimmy Wilson/AppData/Local/Microsoft/Windows/Temporary Internet Files/Low/Content.IE5/S9GG14FF/
626,ximg-flag-sweden.png.pagespeed.ic.FWXCmPXTly[1].png,5,1432644356,/USERS/Jimmy Wilson/AppData/Local/Microsoft/Windows/Temporary Internet Files/Low/Content.IE5/S9GG14FF/
626,ximg-flag-sweden.png.pagespeed.ic.FWXCmPXTly[1].png-slack,5,1432644356,/USERS/Jimmy Wilson/AppData/Local/Microsoft/Windows/Temporary Internet Files/Low/Content.IE5/S9GG14FF/
630,xlogo-zebra-bg.png.pagespeed.ic.4f6JQ00yqw[1].png,5,1432644356,/USERS/Jimmy Wilson/AppData/Local/Microsoft/Windows/Temporary Internet Files/Low/Content.IE5/S9GG14FF/
630,xlogo-zebra-bg.png.pagespeed.ic.4f6JQ00yqw[1].png-slack,5,1432644356,/USERS/Jimmy Wilson/AppData/Local/Microsoft/Windows/Temporary Internet Files/Low/Content.IE5/S9GG14FF/
1389,bps1[1].png,5,1432644360,/USERS/Jimmy Wilson/AppData/Local/Microsoft/Windows/Temporary Internet Files/Low/Content.IE5/S9GG14FF/
1389,bps1[1].png-slack,5,1432644360,/USERS/Jimmy Wilson/AppData/Local/Microsoft/Windows/Temporary Internet Files/Low/Content.IE5/S9GG14FF/
1978,checkmark2[1].png,5,1432644362,/USERS/Jimmy Wilson/AppData/Local/Microsoft/Windows/Temporary Internet Files/Low/Content.IE5/S9GG14FF/
1901,spreadingthemessage[1].png,5,1432644362,/USERS/Jimmy Wilson/AppData/Local/Microsoft/Windows/Temporary Internet Files/Low/Content.IE5/S9GG14FF/
1901,spreadingthemessage[1].png-slack,5,1432644362,/USERS/Jimmy Wilson/AppData/Local/Microsoft/Windows/Temporary Internet Files/Low/Content.IE5/S9GG14FF/
158,sprite-v6[1].png,5,1432644354,/USERS/Jimmy Wilson/AppData/Local/Microsoft/Windows/Temporary Internet Files/Low/Content.IE5/S9GG14FF/
158,sprite-v6[1].png-slack,5,1432644354,/USERS/Jimmy Wilson/AppData/Local/Microsoft/Windows/Temporary Internet Files/Low/Content.IE5/S9GG14FF/
993,story-button[1].png,5,1432644357,/USERS/Jimmy Wilson/AppData/Local/Microsoft/Windows/Temporary Internet Files/Low/Content.IE5/S9GG14FF/
993,story-button[1].png-slack,5,1432644357,/USERS/Jimmy Wilson/AppData/Local/Microsoft/Windows/Temporary Internet Files/Low/Content.IE5/S9GG14FF/
667,successstory.img.teaserImage[1].png,5,1432644356,/USERS/Jimmy Wilson/AppData/Local/Microsoft/Windows/Temporary Internet Files/Low/Content.IE5/S9GG14FF/
667,successstory.img.teaserImage[1].png-slack,5,1432644356,/USERS/Jimmy Wilson/AppData/Local/Microsoft/Windows/Temporary Internet Files/Low/Content.IE5/S9GG14FF/
765,successstory_9181.img.teaserImage[1].png,5,1432644356,/USERS/Jimmy Wilson/AppData/Local/Microsoft/Windows/Temporary Internet Files/Low/Content.IE5/S9GG14FF/
765,successstory_9181.img.teaserImage[1].png-slack,5,1432644356,/USERS/Jimmy Wilson/AppData/Local/Microsoft/Windows/Temporary Internet Files/Low/Content.IE5/S9GG14FF/
1905,philosophy[1].png,5,1432644362,/USERS/Jimmy Wilson/AppData/Local/Microsoft/Windows/Temporary Internet Files/Low/Content.IE5/S9GG14FF/
1905,philosophy[1].png-slack,5,1432644362,/USERS/Jimmy Wilson/AppData/Local/Microsoft/Windows/Temporary Internet Files/Low/Content.IE5/S9GG14FF/
1006,pinterest_counter[1].png,5,1432644358,/USERS/Jimmy Wilson/AppData/Local/Microsoft/Windows/Temporary Internet Files/Low/Content.IE5/S9GG14FF/
1006,pinterest_counter[1].png-slack,5,1432644358,/USERS/Jimmy Wilson/AppData/Local/Microsoft/Windows/Temporary Internet Files/Low/Content.IE5/S9GG14FF/
617,xbtn-search-submit.png.pagespeed.ic.3me4cW0_2M[1].png,5,1432644356,/USERS/Jimmy Wilson/AppData/Local/Microsoft/Windows/Temporary Internet Files/Low/Content.IE5/S9GG14FF/
617,xbtn-search-submit.png.pagespeed.ic.3me4cW0_2M[1].png-slack,5,1432644356,/USERS/Jimmy Wilson/AppData/Local/Microsoft/Windows/Temporary Internet Files/Low/Content.IE5/S9GG14FF/
609,ximg-flag-denmark.png.pagespeed.ic.0pfo6h1d2H[1].png,5,1432644356,/USERS/Jimmy Wilson/AppData/Local/Microsoft/Windows/Temporary Internet Files/Low/Content.IE5/S9GG14FF/
989,dot[1].png,5,1432644357,/USERS/Jimmy Wilson/AppData/Local/Microsoft/Windows/Temporary Internet Files/Low/Content.IE5/S9GG14FF/
1402,ehownow_article_logo_small_white[1].png,5,1432644360,/USERS/Jimmy Wilson/AppData/Local/Microsoft/Windows/Temporary Internet Files/Low/Content.IE5/S9GG14FF/
1402,ehownow_article_logo_small_white[1].png-slack,5,1432644360,/USERS/Jimmy Wilson/AppData/Local/Microsoft/Windows/Temporary Internet Files/Low/Content.IE5/S9GG14FF/
892,email[1].png,5,1432644357,/USERS/Jimmy Wilson/AppData/Local/Microsoft/Windows/Temporary Internet Files/Low/Content.IE5/S9GG14FF/
892,email[1].png-slack,5,1432644357,/USERS/Jimmy Wilson/AppData/Local/Microsoft/Windows/Temporary Internet Files/Low/Content.IE5/S9GG14FF/
1066,finance_icons_sprite2_01[1].png,5,1432644358,/USERS/Jimmy Wilson/AppData/Local/Microsoft/Windows/Temporary Internet Files/Low/Content.IE5/S9GG14FF/
1686,nav-features[1].png,5,1432644361,/USERS/Jimmy Wilson/AppData/Local/Microsoft/Windows/Temporary Internet Files/Low/Content.IE5/S9GG14FF/
1686,nav-features[1].png-slack,5,1432644361,/USERS/Jimmy Wilson/AppData/Local/Microsoft/Windows/Temporary Internet Files/Low/Content.IE5/S9GG14FF/
1688,nav-news[1].png,5,1432644361,/USERS/Jimmy Wilson/AppData/Local/Microsoft/Windows/Temporary Internet Files/Low/Content.IE5/S9GG14FF/
1688,nav-news[1].png-slack,5,1432644361,/USERS/Jimmy Wilson/AppData/Local/Microsoft/Windows/Temporary Internet Files/Low/Content.IE5/S9GG14FF/
1684,nav-photo[1].png,5,1432644361,/USERS/Jimmy Wilson/AppData/Local/Microsoft/Windows/Temporary Internet Files/Low/Content.IE5/S9GG14FF/
1684,nav-photo[1].png-slack,5,1432644361,/USERS/Jimmy Wilson/AppData/Local/Microsoft/Windows/Temporary Internet Files/Low/Content.IE5/S9GG14FF/
691,nav-shadow-lt.png.pagespeed.ce.hg3j3fJvno[1].png,5,1432644356,/USERS/Jimmy Wilson/AppData/Local/Microsoft/Windows/Temporary Internet Files/Low/Content.IE5/S9GG14FF/
693,nav-shadow-rt.png.pagespeed.ce.OEwQNLnNH_[1].png,5,1432644356,/USERS/Jimmy Wilson/AppData/Local/Microsoft/Windows/Temporary Internet Files/Low/Content.IE5/S9GG14FF/
828,navbar_spacer[1].png,5,1432644357,/USERS/Jimmy Wilson/AppData/Local/Microsoft/Windows/Temporary Internet Files/Low/Content.IE5/S9GG14FF/
828,navbar_spacer[1].png-slack,5,1432644357,/USERS/Jimmy Wilson/AppData/Local/Microsoft/Windows/Temporary Internet Files/Low/Content.IE5/S9GG14FF/
571,nav_logo170_hr[1].png,5,1432644356,/USERS/Jimmy Wilson/AppData/Local/Microsoft/Windows/Temporary Internet Files/Low/Content.IE5/S9GG14FF/
571,nav_logo170_hr[1].png-slack,5,1432644356,/USERS/Jimmy Wilson/AppData/Local/Microsoft/Windows/Temporary Internet Files/Low/Content.IE5/S9GG14FF/
1061,nor-1685486[1].png,5,1432644358,/USERS/Jimmy Wilson/AppData/Local/Microsoft/Windows/Temporary Internet Files/Low/Content.IE5/S9GG14FF/
1061,nor-1685486[1].png-slack,5,1432644358,/USERS/Jimmy Wilson/AppData/Local/Microsoft/Windows/Temporary Internet Files/Low/Content.IE5/S9GG14FF/
1364,pattern[1].png,5,1432644360,/USERS/Jimmy Wilson/AppData/Local/Microsoft/Windows/Temporary Internet Files/Low/Content.IE5/S9GG14FF/
1364,pattern[1].png-slack,5,1432644360,/USERS/Jimmy Wilson/AppData/Local/Microsoft/Windows/Temporary Internet Files/Low/Content.IE5/S9GG14FF/
1054,pc_icons_btns_sprite_0122_1215pm[1].png,5,1432644358,/USERS/Jimmy Wilson/AppData/Local/Microsoft/Windows/Temporary Internet Files/Low/Content.IE5/S9GG14FF/
1054,pc_icons_btns_sprite_0122_1215pm[1].png-slack,5,1432644358,/USERS/Jimmy Wilson/AppData/Local/Microsoft/Windows/Temporary Internet Files/Low/Content.IE5/S9GG14FF/
1065,pc_icons_video_sprite_0624_9pm[1].png,5,1432644358,/USERS/Jimmy Wilson/AppData/Local/Microsoft/Windows/Temporary Internet Files/Low/Content.IE5/S9GG14FF/
1065,pc_icons_video_sprite_0624_9pm[1].png-slack,5,1432644358,/USERS/Jimmy Wilson/AppData/Local/Microsoft/Windows/Temporary Internet Files/Low/Content.IE5/S9GG14FF/
664,successstory_a8ac.img.teaserImage[1].png,5,1432644356,/USERS/Jimmy Wilson/AppData/Local/Microsoft/Windows/Temporary Internet Files/Low/Content.IE5/S9GG14FF/
664,successstory_a8ac.img.teaserImage[1].png-slack,5,1432644356,/USERS/Jimmy Wilson/AppData/Local/Microsoft/Windows/Temporary Internet Files/Low/Content.IE5/S9GG14FF/
666,successstory_a8ac.img.teaserImage[2].png,5,1432644356,/USERS/Jimmy Wilson/AppData/Local/Microsoft/Windows/Temporary Internet Files/Low/Content.IE5/S9GG14FF/
666,successstory_a8ac.img.teaserImage[2].png-slack,5,1432644356,/USERS/Jimmy Wilson/AppData/Local/Microsoft/Windows/Temporary Internet Files/Low/Content.IE5/S9GG14FF/
668,successstory_a8ac.img.teaserImage[3].png,5,1432644356,/USERS/Jimmy Wilson/AppData/Local/Microsoft/Windows/Temporary Internet Files/Low/Content.IE5/S9GG14FF/
668,successstory_a8ac.img.teaserImage[3].png-slack,5,1432644356,/USERS/Jimmy Wilson/AppData/Local/Microsoft/Windows/Temporary Internet Files/Low/Content.IE5/S9GG14FF/
1005,facebook_counter[1].png,5,1432644357,/USERS/Jimmy Wilson/AppData/Local/Microsoft/Windows/Temporary Internet Files/Low/Content.IE5/S9GG14FF/
1005,facebook_counter[1].png-slack,5,1432644357,/USERS/Jimmy Wilson/AppData/Local/Microsoft/Windows/Temporary Internet Files/Low/Content.IE5/S9GG14FF/
761,fancybox[1].png,5,1432644356,/USERS/Jimmy Wilson/AppData/Local/Microsoft/Windows/Temporary Internet Files/Low/Content.IE5/S9GG14FF/
761,fancybox[1].png-slack,5,1432644356,/USERS/Jimmy Wilson/AppData/Local/Microsoft/Windows/Temporary Internet Files/Low/Content.IE5/S9GG14FF/
831,featured-subcat-question[1].png,5,1432644357,/USERS/Jimmy Wilson/AppData/Local/Microsoft/Windows/Temporary Internet Files/Low/Content.IE5/S9GG14FF/
831,featured-subcat-question[1].png-slack,5,1432644357,/USERS/Jimmy Wilson/AppData/Local/Microsoft/Windows/Temporary Internet Files/Low/Content.IE5/S9GG14FF/
753,share-email[1].png,5,1432644356,/USERS/Jimmy Wilson/AppData/Local/Microsoft/Windows/Temporary Internet Files/Low/Content.IE5/S9GG14FF/
753,share-email[1].png-slack,5,1432644356,/USERS/Jimmy Wilson/AppData/Local/Microsoft/Windows/Temporary Internet Files/Low/Content.IE5/S9GG14FF/
565,social_footer_facebook[1].png,5,1432644356,/USERS/Jimmy Wilson/AppData/Local/Microsoft/Windows/Temporary Internet Files/Low/Content.IE5/S9GG14FF/
565,social_footer_facebook[1].png-slack,5,1432644356,/USERS/Jimmy Wilson/AppData/Local/Microsoft/Windows/Temporary Internet Files/Low/Content.IE5/S9GG14FF/
825,contact-me-btn[1].png,5,1432644357,/USERS/Jimmy Wilson/AppData/Local/Microsoft/Windows/Temporary Internet Files/Low/Content.IE5/S9GG14FF/
825,contact-me-btn[1].png-slack,5,1432644357,/USERS/Jimmy Wilson/AppData/Local/Microsoft/Windows/Temporary Internet Files/Low/Content.IE5/S9GG14FF/
1384,corporate_cfd9eac7[1].png,5,1432644360,/USERS/Jimmy Wilson/AppData/Local/Microsoft/Windows/Temporary Internet Files/Low/Content.IE5/S9GG14FF/
1384,corporate_cfd9eac7[1].png-slack,5,1432644360,/USERS/Jimmy Wilson/AppData/Local/Microsoft/Windows/Temporary Internet Files/Low/Content.IE5/S9GG14FF/
1886,css_sprite[1].png,5,1432644362,/USERS/Jimmy Wilson/AppData/Local/Microsoft/Windows/Temporary Internet Files/Low/Content.IE5/S9GG14FF/
1886,css_sprite[1].png-slack,5,1432644362,/USERS/Jimmy Wilson/AppData/Local/Microsoft/Windows/Temporary Internet Files/Low/Content.IE5/S9GG14FF/
467,4300ae64-546c-4bbe-9026-6779b3684fb8_32[1].png,5,1432644355,/USERS/Jimmy Wilson/AppData/Local/Microsoft/Windows/Temporary Internet Files/Low/Content.IE5/S9GG14FF/
467,4300ae64-546c-4bbe-9026-6779b3684fb8_32[1].png-slack,5,1432644355,/USERS/Jimmy Wilson/AppData/Local/Microsoft/Windows/Temporary Internet Files/Low/Content.IE5/S9GG14FF/
1372,missing-author-image[1].png,5,1432644360,/USERS/Jimmy Wilson/AppData/Local/Microsoft/Windows/Temporary Internet Files/Low/Content.IE5/S9GG14FF/
1372,missing-author-image[1].png-slack,5,1432644360,/USERS/Jimmy Wilson/AppData/Local/Microsoft/Windows/Temporary Internet Files/Low/Content.IE5/S9GG14FF/
1586,avatar-big[1].png,5,1432644360,/USERS/Jimmy Wilson/AppData/Local/Microsoft/Windows/Temporary Internet Files/Low/Content.IE5/S9GG14FF/
739,bg-arrow-blue-down[1].png,5,1432644356,/USERS/Jimmy Wilson/AppData/Local/Microsoft/Windows/Temporary Internet Files/Low/Content.IE5/S9GG14FF/
739,bg-arrow-blue-down[1].png-slack,5,1432644356,/USERS/Jimmy Wilson/AppData/Local/Microsoft/Windows/Temporary Internet Files/Low/Content.IE5/S9GG14FF/
721,bg-country-dropdown[1].png,5,1432644356,/USERS/Jimmy Wilson/AppData/Local/Microsoft/Windows/Temporary Internet Files/Low/Content.IE5/S9GG14FF/
721,bg-country-dropdown[1].png-slack,5,1432644356,/USERS/Jimmy Wilson/AppData/Local/Microsoft/Windows/Temporary Internet Files/Low/Content.IE5/S9GG14FF/
738,bg-link-arrow-yellow[1].png,5,1432644356,/USERS/Jimmy Wilson/AppData/Local/Microsoft/Windows/Temporary Internet Files/Low/Content.IE5/S9GG14FF/
738,bg-link-arrow-yellow[1].png-slack,5,1432644356,/USERS/Jimmy Wilson/AppData/Local/Microsoft/Windows/Temporary Internet Files/Low/Content.IE5/S9GG14FF/
754,bg-select-box-arrow-yellow[1].png,5,1432644356,/USERS/Jimmy Wilson/AppData/Local/Microsoft/Windows/Temporary Internet Files/Low/Content.IE5/S9GG14FF/
754,bg-select-box-arrow-yellow[1].png-slack,5,1432644356,/USERS/Jimmy Wilson/AppData/Local/Microsoft/Windows/Temporary Internet Files/Low/Content.IE5/S9GG14FF/
1552,bg-unapproved[1].png,5,1432644360,/USERS/Jimmy Wilson/AppData/Local/Microsoft/Windows/Temporary Internet Files/Low/Content.IE5/S9GG14FF/
1552,bg-unapproved[1].png-slack,5,1432644360,/USERS/Jimmy Wilson/AppData/Local/Microsoft/Windows/Temporary Internet Files/Low/Content.IE5/S9GG14FF/
1685,horz-rule-nav[1].png,5,1432644361,/USERS/Jimmy Wilson/AppData/Local/Microsoft/Windows/Temporary Internet Files/Low/Content.IE5/S9GG14FF/
1685,horz-rule-nav[1].png-slack,5,1432644361,/USERS/Jimmy Wilson/AppData/Local/Microsoft/Windows/Temporary Internet Files/Low/Content.IE5/S9GG14FF/
1209,hpc12[1].png,5,1432644358,/USERS/Jimmy Wilson/AppData/Local/Microsoft/Windows/Temporary Internet Files/Low/Content.IE5/S9GG14FF/
1209,hpc12[1].png-slack,5,1432644358,/USERS/Jimmy Wilson/AppData/Local/Microsoft/Windows/Temporary Internet Files/Low/Content.IE5/S9GG14FF/
1538,jezebel-touch-icon-c60ae03e9470fde593e8269539e205f8[1].png,5,1432644360,/USERS/Jimmy Wilson/AppData/Local/Microsoft/Windows/Temporary Internet Files/Low/Content.IE5/S9GG14FF/
1538,jezebel-touch-icon-c60ae03e9470fde593e8269539e205f8[1].png-slack,5,1432644360,/USERS/Jimmy Wilson/AppData/Local/Microsoft/Windows/Temporary Internet Files/Low/Content.IE5/S9GG14FF/
728,product-circle[1].png,5,1432644356,/USERS/Jimmy Wilson/AppData/Local/Microsoft/Windows/Temporary Internet Files/Low/Content.IE5/S9GG14FF/
692,xbtn-get-started-bg-right.png.pagespeed.ic.2l6_YUXoKB[1].png,5,1432644356,/USERS/Jimmy Wilson/AppData/Local/Microsoft/Windows/Temporary Internet Files/Low/Content.IE5/S9GG14FF/
1744,ireland1[1].png,5,1432644361,/USERS/Jimmy Wilson/AppData/Local/Microsoft/Windows/Temporary Internet Files/Low/Content.IE5/S9GG14FF/
1744,ireland1[1].png-slack,5,1432644361,/USERS/Jimmy Wilson/AppData/Local/Microsoft/Windows/Temporary Internet Files/Low/Content.IE5/S9GG14FF/
1537,jalopnik-touch-icon-946e1323f70552fabc76af3d3c2ec4e4[1].png,5,1432644360,/USERS/Jimmy Wilson/AppData/Local/Microsoft/Windows/Temporary Internet Files/Low/Content.IE5/S9GG14FF/
1537,jalopnik-touch-icon-946e1323f70552fabc76af3d3c2ec4e4[1].png-slack,5,1432644360,/USERS/Jimmy Wilson/AppData/Local/Microsoft/Windows/Temporary Internet Files/Low/Content.IE5/S9GG14FF/
1591,17jcxip9se2h9png[1].png,5,1432644361,/USERS/Jimmy Wilson/AppData/Local/Microsoft/Windows/Temporary Internet Files/Low/Content.IE5/WMB1SJEE/
458,2f261ed8-171b-4163-923c-8694302901ef_36[1].png,5,1432644355,/USERS/Jimmy Wilson/AppData/Local/Microsoft/Windows/Temporary Internet Files/Low/Content.IE5/WMB1SJEE/
458,2f261ed8-171b-4163-923c-8694302901ef_36[1].png-slack,5,1432644355,/USERS/Jimmy Wilson/AppData/Local/Microsoft/Windows/Temporary Internet Files/Low/Content.IE5/WMB1SJEE/
1890,googleplus1[1].png,5,1432644362,/USERS/Jimmy Wilson/AppData/Local/Microsoft/Windows/Temporary Internet Files/Low/Content.IE5/WMB1SJEE/
1890,googleplus1[1].png-slack,5,1432644362,/USERS/Jimmy Wilson/AppData/Local/Microsoft/Windows/Temporary Internet Files/Low/Content.IE5/WMB1SJEE/
1972,arrow_down[1].png,5,1432644362,/USERS/Jimmy Wilson/AppData/Local/Microsoft/Windows/Temporary Internet Files/Low/Content.IE5/WMB1SJEE/
1529,avatar-default@2x[1].png,5,1432644360,/USERS/Jimmy Wilson/AppData/Local/Microsoft/Windows/Temporary Internet Files/Low/Content.IE5/WMB1SJEE/
1529,avatar-default@2x[1].png-slack,5,1432644360,/USERS/Jimmy Wilson/AppData/Local/Microsoft/Windows/Temporary Internet Files/Low/Content.IE5/WMB1SJEE/
743,bg-select-box[1].png,5,1432644356,/USERS/Jimmy Wilson/AppData/Local/Microsoft/Windows/Temporary Internet Files/Low/Content.IE5/WMB1SJEE/
743,bg-select-box[1].png-slack,5,1432644356,/USERS/Jimmy Wilson/AppData/Local/Microsoft/Windows/Temporary Internet Files/Low/Content.IE5/WMB1SJEE/
1510,red-small[1].png,5,1432644360,/USERS/Jimmy Wilson/AppData/Local/Microsoft/Windows/Temporary Internet Files/Low/Content.IE5/WMB1SJEE/
1510,red-small[1].png-slack,5,1432644360,/USERS/Jimmy Wilson/AppData/Local/Microsoft/Windows/Temporary Internet Files/Low/Content.IE5/WMB1SJEE/
880,ryanc[1].png,5,1432644357,/USERS/Jimmy Wilson/AppData/Local/Microsoft/Windows/Temporary Internet Files/Low/Content.IE5/WMB1SJEE/
880,ryanc[1].png-slack,5,1432644357,/USERS/Jimmy Wilson/AppData/Local/Microsoft/Windows/Temporary Internet Files/Low/Content.IE5/WMB1SJEE/
1009,sharethis_counter[1].png,5,1432644358,/USERS/Jimmy Wilson/AppData/Local/Microsoft/Windows/Temporary Internet Files/Low/Content.IE5/WMB1SJEE/
1009,sharethis_counter[1].png-slack,5,1432644358,/USERS/Jimmy Wilson/AppData/Local/Microsoft/Windows/Temporary Internet Files/Low/Content.IE5/WMB1SJEE/
1539,kotaku-touch-icon-ddd3b0de4c79a0de2c04dbcddc091188[1].png,5,1432644360,/USERS/Jimmy Wilson/AppData/Local/Microsoft/Windows/Temporary Internet Files/Low/Content.IE5/WMB1SJEE/
1539,kotaku-touch-icon-ddd3b0de4c79a0de2c04dbcddc091188[1].png-slack,5,1432644360,/USERS/Jimmy Wilson/AppData/Local/Microsoft/Windows/Temporary Internet Files/Low/Content.IE5/WMB1SJEE/
1540,lifehacker-touch-icon-c30217b742a2c42124a912f3b5830706[1].png,5,1432644360,/USERS/Jimmy Wilson/AppData/Local/Microsoft/Windows/Temporary Internet Files/Low/Content.IE5/WMB1SJEE/
1540,lifehacker-touch-icon-c30217b742a2c42124a912f3b5830706[1].png-slack,5,1432644360,/USERS/Jimmy Wilson/AppData/Local/Microsoft/Windows/Temporary Internet Files/Low/Content.IE5/WMB1SJEE/
1007,linkedin_counter[1].png,5,1432644358,/USERS/Jimmy Wilson/AppData/Local/Microsoft/Windows/Temporary Internet Files/Low/Content.IE5/WMB1SJEE/
1007,linkedin_counter[1].png-slack,5,1432644358,/USERS/Jimmy Wilson/AppData/Local/Microsoft/Windows/Temporary Internet Files/Low/Content.IE5/WMB1SJEE/
1498,sprite.8fe43e54fc77abab41e1dbc74c535d83[1].png,5,1432644360,/USERS/Jimmy Wilson/AppData/Local/Microsoft/Windows/Temporary Internet Files/Low/Content.IE5/WMB1SJEE/
1498,sprite.8fe43e54fc77abab41e1dbc74c535d83[1].png-slack,5,1432644360,/USERS/Jimmy Wilson/AppData/Local/Microsoft/Windows/Temporary Internet Files/Low/Content.IE5/WMB1SJEE/
1841,stumbleupon[1].png,5,1432644362,/USERS/Jimmy Wilson/AppData/Local/Microsoft/Windows/Temporary Internet Files/Low/Content.IE5/WMB1SJEE/
1841,stumbleupon[1].png-slack,5,1432644362,/USERS/Jimmy Wilson/AppData/Local/Microsoft/Windows/Temporary Internet Files/Low/Content.IE5/WMB1SJEE/
1887,success-a9395d796d73290c808dc2e7c43370d2[1].png,5,1432644362,/USERS/Jimmy Wilson/AppData/Local/Microsoft/Windows/Temporary Internet Files/Low/Content.IE5/WMB1SJEE/
1887,success-a9395d796d73290c808dc2e7c43370d2[1].png-slack,5,1432644362,/USERS/Jimmy Wilson/AppData/Local/Microsoft/Windows/Temporary Internet Files/Low/Content.IE5/WMB1SJEE/
662,successstory_a8ac.img.teaserImage[1].png,5,1432644356,/USERS/Jimmy Wilson/AppData/Local/Microsoft/Windows/Temporary Internet Files/Low/Content.IE5/WMB1SJEE/
662,successstory_a8ac.img.teaserImage[1].png-slack,5,1432644356,/USERS/Jimmy Wilson/AppData/Local/Microsoft/Windows/Temporary Internet Files/Low/Content.IE5/WMB1SJEE/
672,successstory_a8ac.img.teaserImage[2].png,5,1432644356,/USERS/Jimmy Wilson/AppData/Local/Microsoft/Windows/Temporary Internet Files/Low/Content.IE5/WMB1SJEE/
672,successstory_a8ac.img.teaserImage[2].png-slack,5,1432644356,/USERS/Jimmy Wilson/AppData/Local/Microsoft/Windows/Temporary Internet Files/Low/Content.IE5/WMB1SJEE/
675,successstory_a8ac.img.teaserImage[3].png,5,1432644356,/USERS/Jimmy Wilson/AppData/Local/Microsoft/Windows/Temporary Internet Files/Low/Content.IE5/WMB1SJEE/
675,successstory_a8ac.img.teaserImage[3].png-slack,5,1432644356,/USERS/Jimmy Wilson/AppData/Local/Microsoft/Windows/Temporary Internet Files/Low/Content.IE5/WMB1SJEE/
713,btn-search-submit[1].png,5,1432644356,/USERS/Jimmy Wilson/AppData/Local/Microsoft/Windows/Temporary Internet Files/Low/Content.IE5/WMB1SJEE/
713,btn-search-submit[1].png-slack,5,1432644356,/USERS/Jimmy Wilson/AppData/Local/Microsoft/Windows/Temporary Internet Files/Low/Content.IE5/WMB1SJEE/
762,fancybox-x[1].png,5,1432644356,/USERS/Jimmy Wilson/AppData/Local/Microsoft/Windows/Temporary Internet Files/Low/Content.IE5/WMB1SJEE/
1010,twitter_counter[1].png,5,1432644358,/USERS/Jimmy Wilson/AppData/Local/Microsoft/Windows/Temporary Internet Files/Low/Content.IE5/WMB1SJEE/
1010,twitter_counter[1].png-slack,5,1432644358,/USERS/Jimmy Wilson/AppData/Local/Microsoft/Windows/Temporary Internet Files/Low/Content.IE5/WMB1SJEE/
635,xbg-sidebar-btn-gray.png.pagespeed.ic.lMA4imkrJh[1].png,5,1432644356,/USERS/Jimmy Wilson/AppData/Local/Microsoft/Windows/Temporary Internet Files/Low/Content.IE5/WMB1SJEE/
622,ximg-flag-poland.png.pagespeed.ic.4-pnUQ4UXp[1].png,5,1432644356,/USERS/Jimmy Wilson/AppData/Local/Microsoft/Windows/Temporary Internet Files/Low/Content.IE5/WMB1SJEE/
837,wizard[1].png,5,1432644357,/USERS/Jimmy Wilson/AppData/Local/Microsoft/Windows/Temporary Internet Files/Low/Content.IE5/WMB1SJEE/
837,wizard[1].png-slack,5,1432644357,/USERS/Jimmy Wilson/AppData/Local/Microsoft/Windows/Temporary Internet Files/Low/Content.IE5/WMB1SJEE/
1838,wpcom-admin-bar-icons[1].png,5,1432644361,/USERS/Jimmy Wilson/AppData/Local/Microsoft/Windows/Temporary Internet Files/Low/Content.IE5/WMB1SJEE/
1838,wpcom-admin-bar-icons[1].png-slack,5,1432644361,/USERS/Jimmy Wilson/AppData/Local/Microsoft/Windows/Temporary Internet Files/Low/Content.IE5/WMB1SJEE/
633,xbg-nav.png.pagespeed.ic.jRmBJhmEin[1].png,5,1432644356,/USERS/Jimmy Wilson/AppData/Local/Microsoft/Windows/Temporary Internet Files/Low/Content.IE5/WMB1SJEE/
633,xbg-nav.png.pagespeed.ic.jRmBJhmEin[1].png-slack,5,1432644356,/USERS/Jimmy Wilson/AppData/Local/Microsoft/Windows/Temporary Internet Files/Low/Content.IE5/WMB1SJEE/
612,xbg-page-background-fade.png.pagespeed.ic.VU2z8hXSGd[1].jpg,5,1432644356,/USERS/Jimmy Wilson/AppData/Local/Microsoft/Windows/Temporary Internet Files/Low/Content.IE5/WMB1SJEE/
612,xbg-page-background-fade.png.pagespeed.ic.VU2z8hXSGd[1].jpg-slack,5,1432644356,/USERS/Jimmy Wilson/AppData/Local/Microsoft/Windows/Temporary Internet Files/Low/Content.IE5/WMB1SJEE/
631,xbg-search-input.png.pagespeed.ic.r43MX-MlQW[1].png,5,1432644356,/USERS/Jimmy Wilson/AppData/Local/Microsoft/Windows/Temporary Internet Files/Low/Content.IE5/WMB1SJEE/
631,xbg-search-input.png.pagespeed.ic.r43MX-MlQW[1].png-slack,5,1432644356,/USERS/Jimmy Wilson/AppData/Local/Microsoft/Windows/Temporary Internet Files/Low/Content.IE5/WMB1SJEE/
695,xbg-select-box-arrow-yellow.png.pagespeed.ic.Bw1ltdlYnR[1].png,5,1432644356,/USERS/Jimmy Wilson/AppData/Local/Microsoft/Windows/Temporary Internet Files/Low/Content.IE5/WMB1SJEE/
613,xbg-share-drop.png.pagespeed.ic.6k0dNFJG0h[1].png,5,1432644356,/USERS/Jimmy Wilson/AppData/Local/Microsoft/Windows/Temporary Internet Files/Low/Content.IE5/WMB1SJEE/
607,ximg-flag-germany.png.pagespeed.ic.hcbJrmlyCF[1].png,5,1432644356,/USERS/Jimmy Wilson/AppData/Local/Microsoft/Windows/Temporary Internet Files/Low/Content.IE5/WMB1SJEE/
599,ximg-flag-mexico.png.pagespeed.ic.EV71lTIDvE[1].png,5,1432644356,/USERS/Jimmy Wilson/AppData/Local/Microsoft/Windows/Temporary Internet Files/Low/Content.IE5/WMB1SJEE/
599,ximg-flag-mexico.png.pagespeed.ic.EV71lTIDvE[1].png-slack,5,1432644356,/USERS/Jimmy Wilson/AppData/Local/Microsoft/Windows/Temporary Internet Files/Low/Content.IE5/WMB1SJEE/
673,xclose-x.png.pagespeed.ic.138XnjrP6-[1].png,5,1432644356,/USERS/Jimmy Wilson/AppData/Local/Microsoft/Windows/Temporary Internet Files/Low/Content.IE5/WMB1SJEE/
634,xicon-print.png.pagespeed.ic.nSjtPwqT-C[1].png,5,1432644356,/USERS/Jimmy Wilson/AppData/Local/Microsoft/Windows/Temporary Internet Files/Low/Content.IE5/WMB1SJEE/
636,xicon-share.png.pagespeed.ic.7hhwwEZf9t[1].png,5,1432644356,/USERS/Jimmy Wilson/AppData/Local/Microsoft/Windows/Temporary Internet Files/Low/Content.IE5/WMB1SJEE/
598,ximg-flag-china.png.pagespeed.ic.w9ZCC3KzNG[1].png,5,1432644356,/USERS/Jimmy Wilson/AppData/Local/Microsoft/Windows/Temporary Internet Files/Low/Content.IE5/WMB1SJEE/
598,ximg-flag-china.png.pagespeed.ic.w9ZCC3KzNG[1].png-slack,5,1432644356,/USERS/Jimmy Wilson/AppData/Local/Microsoft/Windows/Temporary Internet Files/Low/Content.IE5/WMB1SJEE/
605,ximg-flag-france.png.pagespeed.ic.ZvU2sYXqXp[1].png,5,1432644356,/USERS/Jimmy Wilson/AppData/Local/Microsoft/Windows/Temporary Internet Files/Low/Content.IE5/WMB1SJEE/
605,ximg-flag-france.png.pagespeed.ic.ZvU2sYXqXp[1].png-slack,5,1432644356,/USERS/Jimmy Wilson/AppData/Local/Microsoft/Windows/Temporary Internet Files/Low/Content.IE5/WMB1SJEE/
0,ximg-flag-poland.png.pagespeed.ic.4-pnUQ4UXp[1].png,0,0,/USERS/Jimmy Wilson/AppData/Local/Microsoft/Windows/Temporary Internet Files/Low/Content.IE5/WMB1SJEE/
657,xlogo-zebra.png.pagespeed.ic.MVyatenJzS[1].png,5,1432644356,/USERS/Jimmy Wilson/AppData/Local/Microsoft/Windows/Temporary Internet Files/Low/Content.IE5/WMB1SJEE/
657,xlogo-zebra.png.pagespeed.ic.MVyatenJzS[1].png-slack,5,1432644356,/USERS/Jimmy Wilson/AppData/Local/Microsoft/Windows/Temporary Internet Files/Low/Content.IE5/WMB1SJEE/
710,xproductview.img.productimage.png.pagespeed.ic.pCnzo2hh81[1].jpg,5,1432644356,/USERS/Jimmy Wilson/AppData/Local/Microsoft/Windows/Temporary Internet Files/Low/Content.IE5/WMB1SJEE/
710,xproductview.img.productimage.png.pagespeed.ic.pCnzo2hh81[1].jpg-slack,5,1432644356,/USERS/Jimmy Wilson/AppData/Local/Microsoft/Windows/Temporary Internet Files/Low/Content.IE5/WMB1SJEE/
878,chat[1].png,5,1432644357,/USERS/Jimmy Wilson/AppData/Local/Microsoft/Windows/Temporary Internet Files/Low/Content.IE5/WMB1SJEE/
878,chat[1].png-slack,5,1432644357,/USERS/Jimmy Wilson/AppData/Local/Microsoft/Windows/Temporary Internet Files/Low/Content.IE5/WMB1SJEE/
879,contact_box_bg[1].png,5,1432644357,/USERS/Jimmy Wilson/AppData/Local/Microsoft/Windows/Temporary Internet Files/Low/Content.IE5/WMB1SJEE/
879,contact_box_bg[1].png-slack,5,1432644357,/USERS/Jimmy Wilson/AppData/Local/Microsoft/Windows/Temporary Internet Files/Low/Content.IE5/WMB1SJEE/
876,contact_title_bg[1].png,5,1432644357,/USERS/Jimmy Wilson/AppData/Local/Microsoft/Windows/Temporary Internet Files/Low/Content.IE5/WMB1SJEE/
876,contact_title_bg[1].png-slack,5,1432644357,/USERS/Jimmy Wilson/AppData/Local/Microsoft/Windows/Temporary Internet Files/Low/Content.IE5/WMB1SJEE/
1531,deadspin-touch-icon-6caeab5a3f12e806fdd7d72d6b8029d8[1].png,5,1432644360,/USERS/Jimmy Wilson/AppData/Local/Microsoft/Windows/Temporary Internet Files/Low/Content.IE5/WMB1SJEE/
1531,deadspin-touch-icon-6caeab5a3f12e806fdd7d72d6b8029d8[1].png-slack,5,1432644360,/USERS/Jimmy Wilson/AppData/Local/Microsoft/Windows/Temporary Internet Files/Low/Content.IE5/WMB1SJEE/
1837,digg[1].png,5,1432644361,/USERS/Jimmy Wilson/AppData/Local/Microsoft/Windows/Temporary Internet Files/Low/Content.IE5/WMB1SJEE/
1053,yahoo_en-US_f_p_142x37[1].png,5,1432644358,/USERS/Jimmy Wilson/AppData/Local/Microsoft/Windows/Temporary Internet Files/Low/Content.IE5/WMB1SJEE/
1053,yahoo_en-US_f_p_142x37[1].png-slack,5,1432644358,/USERS/Jimmy Wilson/AppData/Local/Microsoft/Windows/Temporary Internet Files/Low/Content.IE5/WMB1SJEE/
715,bg-share-drop[1].png,5,1432644356,/USERS/Jimmy Wilson/AppData/Local/Microsoft/Windows/Temporary Internet Files/Low/Content.IE5/WMB1SJEE/
717,bg-squares-content[1].png,5,1432644356,/USERS/Jimmy Wilson/AppData/Local/Microsoft/Windows/Temporary Internet Files/Low/Content.IE5/WMB1SJEE/
717,bg-squares-content[1].png-slack,5,1432644356,/USERS/Jimmy Wilson/AppData/Local/Microsoft/Windows/Temporary Internet Files/Low/Content.IE5/WMB1SJEE/
758,bg-tab-gradient-gray[1].png,5,1432644356,/USERS/Jimmy Wilson/AppData/Local/Microsoft/Windows/Temporary Internet Files/Low/Content.IE5/WMB1SJEE/
758,bg-tab-gradient-gray[1].png-slack,5,1432644356,/USERS/Jimmy Wilson/AppData/Local/Microsoft/Windows/Temporary Internet Files/Low/Content.IE5/WMB1SJEE/
747,bg-tab-gradient-yellow[1].png,5,1432644356,/USERS/Jimmy Wilson/AppData/Local/Microsoft/Windows/Temporary Internet Files/Low/Content.IE5/WMB1SJEE/
747,bg-tab-gradient-yellow[1].png-slack,5,1432644356,/USERS/Jimmy Wilson/AppData/Local/Microsoft/Windows/Temporary Internet Files/Low/Content.IE5/WMB1SJEE/
740,bg-zbtn-shadow-left[1].png,5,1432644356,/USERS/Jimmy Wilson/AppData/Local/Microsoft/Windows/Temporary Internet Files/Low/Content.IE5/WMB1SJEE/
1819,border[1].png,5,1432644361,/USERS/Jimmy Wilson/AppData/Local/Microsoft/Windows/Temporary Internet Files/Low/Content.IE5/WMB1SJEE/
1819,border[1].png-slack,5,1432644361,/USERS/Jimmy Wilson/AppData/Local/Microsoft/Windows/Temporary Internet Files/Low/Content.IE5/WMB1SJEE/
751,btn-get-started-bg-mid[1].png,5,1432644356,/USERS/Jimmy Wilson/AppData/Local/Microsoft/Windows/Temporary Internet Files/Low/Content.IE5/WMB1SJEE/
751,btn-get-started-bg-mid[1].png-slack,5,1432644356,/USERS/Jimmy Wilson/AppData/Local/Microsoft/Windows/Temporary Internet Files/Low/Content.IE5/WMB1SJEE/
961,thief[1].png,5,1432644357,/USERS/Jimmy Wilson/AppData/Local/Microsoft/Windows/Temporary Internet Files/Low/Content.IE5/WMB1SJEE/
961,thief[1].png-slack,5,1432644357,/USERS/Jimmy Wilson/AppData/Local/Microsoft/Windows/Temporary Internet Files/Low/Content.IE5/WMB1SJEE/
867,verisign[1].png,5,1432644357,/USERS/Jimmy Wilson/AppData/Local/Microsoft/Windows/Temporary Internet Files/Low/Content.IE5/WMB1SJEE/
867,verisign[1].png-slack,5,1432644357,/USERS/Jimmy Wilson/AppData/Local/Microsoft/Windows/Temporary Internet Files/Low/Content.IE5/WMB1SJEE/
1948,mappins_grey[1].png,5,1432644362,/USERS/Jimmy Wilson/AppData/Local/Microsoft/Windows/Temporary Internet Files/Low/Content.IE5/WMB1SJEE/
1948,mappins_grey[1].png-slack,5,1432644362,/USERS/Jimmy Wilson/AppData/Local/Microsoft/Windows/Temporary Internet Files/Low/Content.IE5/WMB1SJEE/
1677,nav-dispatches[1].png,5,1432644361,/USERS/Jimmy Wilson/AppData/Local/Microsoft/Windows/Temporary Internet Files/Low/Content.IE5/WMB1SJEE/
1677,nav-dispatches[1].png-slack,5,1432644361,/USERS/Jimmy Wilson/AppData/Local/Microsoft/Windows/Temporary Internet Files/Low/Content.IE5/WMB1SJEE/
548,nav_logo170[1].png,5,1432644356,/USERS/Jimmy Wilson/AppData/Local/Microsoft/Windows/Temporary Internet Files/Low/Content.IE5/WMB1SJEE/
548,nav_logo170[1].png-slack,5,1432644356,/USERS/Jimmy Wilson/AppData/Local/Microsoft/Windows/Temporary Internet Files/Low/Content.IE5/WMB1SJEE/
1629,49392504fcb75a0304a4da68a1c6f43d[1].png,5,1432644361,/USERS/Jimmy Wilson/AppData/Local/Microsoft/Windows/Temporary Internet Files/Low/Content.IE5/WMB1SJEE/
1629,49392504fcb75a0304a4da68a1c6f43d[1].png-slack,5,1432644361,/USERS/Jimmy Wilson/AppData/Local/Microsoft/Windows/Temporary Internet Files/Low/Content.IE5/WMB1SJEE/
464,5a7873a1-fd4e-4462-8ab2-32bd729117c6_7[1].png,5,1432644355,/USERS/Jimmy Wilson/AppData/Local/Microsoft/Windows/Temporary Internet Files/Low/Content.IE5/WMB1SJEE/
1628,ad516503a11cd5ca435acc9bb6523536[1].png,5,1432644361,/USERS/Jimmy Wilson/AppData/Local/Microsoft/Windows/Temporary Internet Files/Low/Content.IE5/WMB1SJEE/
1628,ad516503a11cd5ca435acc9bb6523536[1].png-slack,5,1432644361,/USERS/Jimmy Wilson/AppData/Local/Microsoft/Windows/Temporary Internet Files/Low/Content.IE5/WMB1SJEE/
1056,adchoice_1.4[1].png,5,1432644358,/USERS/Jimmy Wilson/AppData/Local/Microsoft/Windows/Temporary Internet Files/Low/Content.IE5/WMB1SJEE/
870,shadow_sidebox[1].png,5,1432644357,/USERS/Jimmy Wilson/AppData/Local/Microsoft/Windows/Temporary Internet Files/Low/Content.IE5/WMB1SJEE/
870,shadow_sidebox[1].png-slack,5,1432644357,/USERS/Jimmy Wilson/AppData/Local/Microsoft/Windows/Temporary Internet Files/Low/Content.IE5/WMB1SJEE/
755,share-twitter[1].png,5,1432644356,/USERS/Jimmy Wilson/AppData/Local/Microsoft/Windows/Temporary Internet Files/Low/Content.IE5/WMB1SJEE/
755,share-twitter[1].png-slack,5,1432644356,/USERS/Jimmy Wilson/AppData/Local/Microsoft/Windows/Temporary Internet Files/Low/Content.IE5/WMB1SJEE/
1892,icon-facebook[1].png,5,1432644362,/USERS/Jimmy Wilson/AppData/Local/Microsoft/Windows/Temporary Internet Files/Low/Content.IE5/WMB1SJEE/
1893,icon-twitter[1].png,5,1432644362,/USERS/Jimmy Wilson/AppData/Local/Microsoft/Windows/Temporary Internet Files/Low/Content.IE5/WMB1SJEE/
1889,icon-wordpress[1].png,5,1432644362,/USERS/Jimmy Wilson/AppData/Local/Microsoft/Windows/Temporary Internet Files/Low/Content.IE5/WMB1SJEE/
1889,icon-wordpress[1].png-slack,5,1432644362,/USERS/Jimmy Wilson/AppData/Local/Microsoft/Windows/Temporary Internet Files/Low/Content.IE5/WMB1SJEE/
986,icons-base[1].png,5,1432644357,/USERS/Jimmy Wilson/AppData/Local/Microsoft/Windows/Temporary Internet Files/Low/Content.IE5/WMB1SJEE/
986,icons-base[1].png-slack,5,1432644357,/USERS/Jimmy Wilson/AppData/Local/Microsoft/Windows/Temporary Internet Files/Low/Content.IE5/WMB1SJEE/
877,phone[1].png,5,1432644357,/USERS/Jimmy Wilson/AppData/Local/Microsoft/Windows/Temporary Internet Files/Low/Content.IE5/WMB1SJEE/
877,phone[1].png-slack,5,1432644357,/USERS/Jimmy Wilson/AppData/Local/Microsoft/Windows/Temporary Internet Files/Low/Content.IE5/WMB1SJEE/
1331,pin_it_button[1].png,5,1432644360,/USERS/Jimmy Wilson/AppData/Local/Microsoft/Windows/Temporary Internet Files/Low/Content.IE5/WMB1SJEE/
1331,pin_it_button[1].png-slack,5,1432644360,/USERS/Jimmy Wilson/AppData/Local/Microsoft/Windows/Temporary Internet Files/Low/Content.IE5/WMB1SJEE/
1461,pixel[1].png,5,1432644360,/USERS/Jimmy Wilson/AppData/Local/Microsoft/Windows/Temporary Internet Files/Low/Content.IE5/WMB1SJEE/
1741,post-native[1].png,5,1432644361,/USERS/Jimmy Wilson/AppData/Local/Microsoft/Windows/Temporary Internet Files/Low/Content.IE5/WMB1SJEE/
1741,post-native[1].png-slack,5,1432644361,/USERS/Jimmy Wilson/AppData/Local/Microsoft/Windows/Temporary Internet Files/Low/Content.IE5/WMB1SJEE/
670,productfamily.img.teaser[1].png,5,1432644356,/USERS/Jimmy Wilson/AppData/Local/Microsoft/Windows/Temporary Internet Files/Low/Content.IE5/WMB1SJEE/
670,productfamily.img.teaser[1].png-slack,5,1432644356,/USERS/Jimmy Wilson/AppData/Local/Microsoft/Windows/Temporary Internet Files/Low/Content.IE5/WMB1SJEE/
674,productfamily.img.teaser[2].png,5,1432644356,/USERS/Jimmy Wilson/AppData/Local/Microsoft/Windows/Temporary Internet Files/Low/Content.IE5/WMB1SJEE/
674,productfamily.img.teaser[2].png-slack,5,1432644356,/USERS/Jimmy Wilson/AppData/Local/Microsoft/Windows/Temporary Internet Files/Low/Content.IE5/WMB1SJEE/
850,ebook-id-card-printers[1].png,5,1432644357,/USERS/Jimmy Wilson/AppData/Local/Microsoft/Windows/Temporary Internet Files/Low/Content.IE5/WMB1SJEE/
850,ebook-id-card-printers[1].png-slack,5,1432644357,/USERS/Jimmy Wilson/AppData/Local/Microsoft/Windows/Temporary Internet Files/Low/Content.IE5/WMB1SJEE/
1008,email_counter[1].png,5,1432644358,/USERS/Jimmy Wilson/AppData/Local/Microsoft/Windows/Temporary Internet Files/Low/Content.IE5/WMB1SJEE/
1008,email_counter[1].png-slack,5,1432644358,/USERS/Jimmy Wilson/AppData/Local/Microsoft/Windows/Temporary Internet Files/Low/Content.IE5/WMB1SJEE/
0,fancybox-x[1].png,0,0,/USERS/Jimmy Wilson/AppData/Local/Microsoft/Windows/Temporary Internet Files/Low/Content.IE5/WMB1SJEE/
1888,fbk-btn-icon-eeb6258c27e3e6d9ec2a970ca70fc9dc[1].png,5,1432644362,/USERS/Jimmy Wilson/AppData/Local/Microsoft/Windows/Temporary Internet Files/Low/Content.IE5/WMB1SJEE/
1888,fbk-btn-icon-eeb6258c27e3e6d9ec2a970ca70fc9dc[1].png-slack,5,1432644362,/USERS/Jimmy Wilson/AppData/Local/Microsoft/Windows/Temporary Internet Files/Low/Content.IE5/WMB1SJEE/
1471,file[1].png,5,1432644360,/USERS/Jimmy Wilson/AppData/Local/Microsoft/Windows/Temporary Internet Files/Low/Content.IE5/WMB1SJEE/
1473,file[2].png,5,1432644360,/USERS/Jimmy Wilson/AppData/Local/Microsoft/Windows/Temporary Internet Files/Low/Content.IE5/WMB1SJEE/
716,bg-arrow-white[1].png,5,1432644356,/USERS/Jimmy Wilson/AppData/Local/Microsoft/Windows/Temporary Internet Files/Low/Content.IE5/WMB1SJEE/
716,bg-arrow-white[1].png-slack,5,1432644356,/USERS/Jimmy Wilson/AppData/Local/Microsoft/Windows/Temporary Internet Files/Low/Content.IE5/WMB1SJEE/
714,bg-nav-body[1].png,5,1432644356,/USERS/Jimmy Wilson/AppData/Local/Microsoft/Windows/Temporary Internet Files/Low/Content.IE5/WMB1SJEE/
714,bg-nav-body[1].png-slack,5,1432644356,/USERS/Jimmy Wilson/AppData/Local/Microsoft/Windows/Temporary Internet Files/Low/Content.IE5/WMB1SJEE/
712,bg-page-background-fade[1].png,5,1432644356,/USERS/Jimmy Wilson/AppData/Local/Microsoft/Windows/Temporary Internet Files/Low/Content.IE5/WMB1SJEE/
712,bg-page-background-fade[1].png-slack,5,1432644356,/USERS/Jimmy Wilson/AppData/Local/Microsoft/Windows/Temporary Internet Files/Low/Content.IE5/WMB1SJEE/
731,bg-product-tooltip-arrow[1].png,5,1432644356,/USERS/Jimmy Wilson/AppData/Local/Microsoft/Windows/Temporary Internet Files/Low/Content.IE5/WMB1SJEE/
731,bg-product-tooltip-arrow[1].png-slack,5,1432644356,/USERS/Jimmy Wilson/AppData/Local/Microsoft/Windows/Temporary Internet Files/Low/Content.IE5/WMB1SJEE/
962,logo-slogan[1].png,5,1432644357,/USERS/Jimmy Wilson/AppData/Local/Microsoft/Windows/Temporary Internet Files/Low/Content.IE5/WMB1SJEE/
962,logo-slogan[1].png-slack,5,1432644357,/USERS/Jimmy Wilson/AppData/Local/Microsoft/Windows/Temporary Internet Files/Low/Content.IE5/WMB1SJEE/
468,LVx-xkvaJ0b[1].png,5,1432644355,/USERS/Jimmy Wilson/AppData/Local/Microsoft/Windows/Temporary Internet Files/Low/Content.IE5/WMB1SJEE/
468,LVx-xkvaJ0b[1].png-slack,5,1432644355,/USERS/Jimmy Wilson/AppData/Local/Microsoft/Windows/Temporary Internet Files/Low/Content.IE5/WMB1SJEE/
1678,nav-guides[1].png,5,1432644361,/USERS/Jimmy Wilson/AppData/Local/Microsoft/Windows/Temporary Internet Files/Low/Content.IE5/WMB1SJEE/
1678,nav-guides[1].png-slack,5,1432644361,/USERS/Jimmy Wilson/AppData/Local/Microsoft/Windows/Temporary Internet Files/Low/Content.IE5/WMB1SJEE/
1821,nav-top[1].png,5,1432644361,/USERS/Jimmy Wilson/AppData/Local/Microsoft/Windows/Temporary Internet Files/Low/Content.IE5/WMB1SJEE/
1894,feedback_icon_passive-7435724815f671c329bc69faeb058a2b[1].png,5,1432644362,/USERS/Jimmy Wilson/AppData/Local/Microsoft/Windows/Temporary Internet Files/Low/Content.IE5/WMB1SJEE/
1894,feedback_icon_passive-7435724815f671c329bc69faeb058a2b[1].png-slack,5,1432644362,/USERS/Jimmy Wilson/AppData/Local/Microsoft/Windows/Temporary Internet Files/Low/Content.IE5/WMB1SJEE/
627,img-flag-turkey.png.pagespeed.ce.74yLuyCrk_[1].png,5,1432644356,/USERS/Jimmy Wilson/AppData/Local/Microsoft/Windows/Temporary Internet Files/Low/Content.IE5/WMB1SJEE/
627,img-flag-turkey.png.pagespeed.ce.74yLuyCrk_[1].png-slack,5,1432644356,/USERS/Jimmy Wilson/AppData/Local/Microsoft/Windows/Temporary Internet Files/Low/Content.IE5/WMB1SJEE/
3334,286d8432f63568456bb92a5d63ea970a.png,5,1432644369,/USERS/Jimmy Wilson/AppData/Local/Mozilla/Firefox/Profiles/8pp14cbi.default/thumbnails/
3334,286d8432f63568456bb92a5d63ea970a.png-slack,5,1432644369,/USERS/Jimmy Wilson/AppData/Local/Mozilla/Firefox/Profiles/8pp14cbi.default/thumbnails/
3361,4478810b9181922a9d6b8806bd05b109.png,5,1432644369,/USERS/Jimmy Wilson/AppData/Local/Mozilla/Firefox/Profiles/8pp14cbi.default/thumbnails/
3361,4478810b9181922a9d6b8806bd05b109.png-slack,5,1432644369,/USERS/Jimmy Wilson/AppData/Local/Mozilla/Firefox/Profiles/8pp14cbi.default/thumbnails/
3400,447c1d819532470f427483b5c2ad32a6.png,5,1432644369,/USERS/Jimmy Wilson/AppData/Local/Mozilla/Firefox/Profiles/8pp14cbi.default/thumbnails/
3400,447c1d819532470f427483b5c2ad32a6.png-slack,5,1432644369,/USERS/Jimmy Wilson/AppData/Local/Mozilla/Firefox/Profiles/8pp14cbi.default/thumbnails/
3375,4517111b3eb44b5268bc0a9b39095020.png,5,1432644369,/USERS/Jimmy Wilson/AppData/Local/Mozilla/Firefox/Profiles/8pp14cbi.default/thumbnails/
3375,4517111b3eb44b5268bc0a9b39095020.png-slack,5,1432644369,/USERS/Jimmy Wilson/AppData/Local/Mozilla/Firefox/Profiles/8pp14cbi.default/thumbnails/
3458,74df5160b4a35079979129c491d5d736.png,5,1432644370,/USERS/Jimmy Wilson/AppData/Local/Mozilla/Firefox/Profiles/8pp14cbi.default/thumbnails/
3458,74df5160b4a35079979129c491d5d736.png-slack,5,1432644370,/USERS/Jimmy Wilson/AppData/Local/Mozilla/Firefox/Profiles/8pp14cbi.default/thumbnails/
3401,9294853175f532d0b72365d3ddba3d57.png,5,1432644369,/USERS/Jimmy Wilson/AppData/Local/Mozilla/Firefox/Profiles/8pp14cbi.default/thumbnails/
3401,9294853175f532d0b72365d3ddba3d57.png-slack,5,1432644369,/USERS/Jimmy Wilson/AppData/Local/Mozilla/Firefox/Profiles/8pp14cbi.default/thumbnails/
3532,com.sun.star.comp.deployment.executable.PackageRegistryBackend,5,1432644372,/USERS/Jimmy Wilson/AppData/Roaming/OpenOffice/4/user/extensions/bundled/registry/
3589,com.sun.star.comp.deployment.executable.PackageRegistryBackend,5,1432644372,/USERS/Jimmy Wilson/AppData/Roaming/OpenOffice/4/user/extensions/shared/registry/
3612,com.sun.star.comp.deployment.executable.PackageRegistryBackend,5,1432644372,/USERS/Jimmy Wilson/AppData/Roaming/OpenOffice/4/user/extensions/tmp/registry/
3600,com.sun.star.comp.deployment.executable.PackageRegistryBackend,5,1432644372,/USERS/Jimmy Wilson/AppData/Roaming/OpenOffice/4/user/uno_packages/cache/registry/
58,BCTextEncoder.exe,5,1432644354,/USERS/Jimmy Wilson/Desktop/
58,BCTextEncoder.exe-slack,5,1432644354,/USERS/Jimmy Wilson/Desktop/
3500,openoffice401.msi,5,1432644371,/USERS/Jimmy Wilson/Desktop/OpenOffice 4.0.1 (en-US) Installation Files/
3510,vcredist_x64.exe,5,1432644372,/USERS/Jimmy Wilson/Desktop/OpenOffice 4.0.1 (en-US) Installation Files/redist/
3510,vcredist_x64.exe-slack,5,1432644372,/USERS/Jimmy Wilson/Desktop/OpenOffice 4.0.1 (en-US) Installation Files/redist/
3511,vcredist_x86.exe,5,1432644372,/USERS/Jimmy Wilson/Desktop/OpenOffice 4.0.1 (en-US) Installation Files/redist/
3511,vcredist_x86.exe-slack,5,1432644372,/USERS/Jimmy Wilson/Desktop/OpenOffice 4.0.1 (en-US) Installation Files/redist/
3501,setup.exe,5,1432644371,/USERS/Jimmy Wilson/Desktop/OpenOffice 4.0.1 (en-US) Installation Files/
4130,Indexed Locations.search-ms,5,1432644378,/USERS/Jimmy Wilson/Searches/
5047,WatAdminSvc.exe,5,1432644950,/Windows/System32/Wat/
5047,WatAdminSvc.exe-slack,5,1432644950,/Windows/System32/Wat/
5050,WatUX.exe,5,1432644950,/Windows/System32/Wat/
5050,WatUX.exe-slack,5,1432644950,/Windows/System32/Wat/
5035,WatAdminSvc.exe,5,1432644446,/Windows/winsxs/amd64_microsoft-windows-s..ivationtechnologies_31bf3856ad364e35_7.1.7600.16395_none_89cb1e5f7a64822b/
5035,WatAdminSvc.exe-slack,5,1432644446,/Windows/winsxs/amd64_microsoft-windows-s..ivationtechnologies_31bf3856ad364e35_7.1.7600.16395_none_89cb1e5f7a64822b/
5036,WatUX.exe,5,1432644446,/Windows/winsxs/amd64_microsoft-windows-s..ivationtechnologies_31bf3856ad364e35_7.1.7600.16395_none_89cb1e5f7a64822b/
5036,WatUX.exe-slack,5,1432644446,/Windows/winsxs/amd64_microsoft-windows-s..ivationtechnologies_31bf3856ad364e35_7.1.7600.16395_none_89cb1e5f7a64822b/
4247,poqexec.log,5,1432644442,/Windows/winsxs/
5249,ComSvcConfig.ni.exe,6,1432644448,/$OrphanFiles/NativeImages_v2.0.50727_32/ComSvcConfig/ca2a618435637aef503c3f43c122bca8/
5249,ComSvcConfig.ni.exe-slack,6,1432644448,/$OrphanFiles/NativeImages_v2.0.50727_32/ComSvcConfig/ca2a618435637aef503c3f43c122bca8/
5254,dfsvc.ni.exe,6,1432644448,/$OrphanFiles/NativeImages_v2.0.50727_32/dfsvc/8264a928c30c29b40e6671a112f6154d/
5254,dfsvc.ni.exe-slack,6,1432644448,/$OrphanFiles/NativeImages_v2.0.50727_32/dfsvc/8264a928c30c29b40e6671a112f6154d/
5258,ehExtHost32.ni.exe,6,1432644448,/$OrphanFiles/NativeImages_v2.0.50727_32/ehExtHost32/6afb49d1088915caeeb243a93d3c78c4/
5258,ehExtHost32.ni.exe-slack,6,1432644448,/$OrphanFiles/NativeImages_v2.0.50727_32/ehExtHost32/6afb49d1088915caeeb243a93d3c78c4/
